id,year,group,points,problem_number
00_1113_p1_a90963f1-aa2f-4b5d-ab97-2908698ce146,2000,11-13,3,5
00_1113_p2_41b6de04-4ccd-43b2-aedd-3d5c677f53b2,2000,11-13,4,13
00_1113_p3_c5ef2bf5-ee65-486f-bfea-70eda648434a,2000,11-13,4,17
00_1113_p4_d910ae76-ea2f-4a3b-bd5d-b0cabe437e5a,2000,11-13,5,23
00_1113_p4_279f1e6b-fd89-42bc-a258-2a4810a318a9,2000,11-13,5,25
00_34_p1_56944122-e9b9-4ce2-a445-664288892a46,2000,3-4,3,3
00_34_p2_ae5def98-fd35-4327-bf3c-2df4f6931081,2000,3-4,4,12
00_34_p3_e088be75-296b-4217-baba-75c242b5ef34,2000,3-4,5,17
00_34_p3_296188f2-6727-4a85-b941-3a92308af041,2000,3-4,5,19
00_56_p1_4ed3fd15-9f59-4438-ab14-ae6f4c196e30,2000,5-6,3,6
00_56_p2_d32ccafb-58ca-4576-8369-7850a4be0119,2000,5-6,3,10
00_56_p2_0a1484c4-5031-4c4e-8abb-2e113a160959,2000,5-6,4,13
00_56_p3_dfd5465a-a85e-4579-81a7-2ca81c64341c,2000,5-6,4,18
00_56_p3_6a804cfb-fc34-427c-b99c-a058eeecd3d1,2000,5-6,5,21
00_56_p3_9b4a142b-9361-4fe3-8adc-324c63260c9a,2000,5-6,5,22
00_56_p4_915e634b-5c7a-4ef8-a2ae-36c46793e94e,2000,5-6,5,28
00_78_p1_634aba22-e95b-47ec-818e-b57110f6232f,2000,7-8,3,1
00_78_p2_90e97f5c-ea26-4e32-84a1-5479a5f2b5c7,2000,7-8,3,9
00_78_p2_8ef80303-436f-463a-994a-f9124b962fb5,2000,7-8,4,12
00_78_p3_46f262db-9537-450d-990e-f7e7301600ce,2000,7-8,4,17
00_78_p3_7bce9eaf-d6c5-47d6-a332-44c3d76dffbe,2000,7-8,4,20
00_78_p3_33f4204a-050f-424f-9976-85ba165742f5,2000,7-8,5,21
00_78_p4_7e4a0d11-5ac7-4111-8322-abe1a2e1a29e,2000,7-8,5,25
00_78_p4_6be2782b-9158-4bd1-a478-373c6821d4bc,2000,7-8,5,28
00_78_p4_7538b4c0-e40f-4c0f-8e06-4403a81be5db,2000,7-8,5,30
00_910_p1_820eae1d-3f62-49f6-a491-963216d56d45,2000,9-10,3,7
00_910_p3_c7b24a94-a9fd-4968-ab25-69b13b5daa83,2000,9-10,4,18
00_910_p3_fe902db4-ba2b-4f50-8a8d-a0e25f94f2be,2000,9-10,5,21
00_910_p3_76820e69-2e6f-43ba-925c-5960c05135a4,2000,9-10,5,22
00_910_p4_55ccf70f-cc55-4ca3-8c9b-b5759c00ebee,2000,9-10,5,24
00_910_p4_91594a3f-1fe2-47a0-9a3b-6e23bdb62069,2000,9-10,5,27
00_910_p4_e83bcb3e-0aca-4bd0-9596-630418aec23a,2000,9-10,5,29
01_1113_p1_aa6d11e7-788b-4e62-98b3-baaa709eb26a,2001,11-13,3,7
01_1113_p2_0771daee-2ddf-4eda-a648-2c2e89432be7,2001,11-13,4,11
01_1113_p2_dc7a7739-8b52-4d65-abfe-74221916dfa8,2001,11-13,4,13
01_1113_p2_39c796f3-5acb-4545-93f7-aa07454f1121,2001,11-13,4,15
01_1113_p3_628778ae-22f3-4096-b77d-ebad70696b3d,2001,11-13,4,19
01_1113_p3_2e2856c4-5765-4afc-8f7a-151d32e344ce,2001,11-13,5,21
01_1113_p3_65cc30bf-f9fa-4ee8-a20a-0f777d5513ec,2001,11-13,5,22
01_1113_p4_078e08bc-77f5-49c1-838c-cdbdfb2e69a4,2001,11-13,5,26
01_34_p1_b8f54303-7acc-4ef0-838f-a659eb00f1fe,2001,3-4,3,3
01_34_p2_8c51874f-8d68-44a2-ac26-4e48e5c7142a,2001,3-4,3,7
01_34_p2_7f957e38-20ff-4f7f-8181-a1982938ee06,2001,3-4,4,9
01_34_p4_b9c97aac-15b1-4a14-8ba4-6a99ce2ff32a,2001,3-4,5,17
01_34_p4_bad79dd6-17d6-4be2-b0ef-8acfe8bf2607,2001,3-4,5,19
01_34_p4_3d5ce627-4c5c-4cf6-b2a0-6820815b0095,2001,3-4,5,21
01_56_p1_1b47fa34-8cea-42bb-af9e-c13030263142,2001,5-6,3,4
01_56_p2_6212a66f-aa5a-40d6-8f09-64246cf9e0cc,2001,5-6,4,16
01_56_p3_d7ae549b-7df8-4983-be87-21864307f66f,2001,5-6,4,19
01_56_p3_4863975e-e15d-4eaf-98e9-0fb4c0453103,2001,5-6,5,21
01_56_p3_cee46f26-8e30-40ee-8786-d41682b398e6,2001,5-6,5,22
01_56_p4_8a0b9ebc-71ee-4144-a567-389c1a877282,2001,5-6,5,25
01_56_p4_ee7e5508-581f-41bc-b417-4c9ce336c444,2001,5-6,5,27
01_78_p1_c9d5f7d8-7a56-4f5e-a78c-00c71a74e42b,2001,7-8,3,1
01_78_p1_97e35768-8358-4871-ad1f-177fa9c7355d,2001,7-8,3,3
01_78_p1_56ac6b41-1308-4d10-9755-b2197049efa4,2001,7-8,3,5
01_78_p1_76db1e8c-8388-405e-8a6c-708b6196349c,2001,7-8,3,6
01_78_p2_446689a0-bb2d-4865-b5bb-231cea1699fc,2001,7-8,4,11
01_78_p2_f5098cdc-11ee-4c45-882d-15dfbf4902cd,2001,7-8,4,13
01_78_p4_5e5cc7fa-e239-436a-be82-1c8979e8df64,2001,7-8,5,27
01_910_p1_bd608994-3122-4f10-8044-56ece78bab6d,2001,9-10,3,6
01_910_p2_d11eecf2-2e8a-4388-855a-62ab7abcdb26,2001,9-10,3,8
01_910_p2_5f1538e9-107f-49c5-be23-4bd4b94de982,2001,9-10,3,10
01_910_p2_bfb41dff-0fed-4af6-9706-a792f740cdb8,2001,9-10,4,15
01_910_p3_6fa4d60e-85b9-4ee9-a0f7-c7c7e289a3ce,2001,9-10,4,18
01_910_p3_5b50057e-76cd-49f2-b16d-e46b840aca1c,2001,9-10,4,20
01_910_p3_b55b1e18-a8ed-477d-9257-f96f619a845f,2001,9-10,5,22
01_910_p4_e48b870c-94f7-472b-8db2-cba316c7d67a,2001,9-10,5,26
02_1113_ergaenzt_p1_f78c9762-b4c7-441c-876d-9dbf1ff93de6,2002,11-13,3,2
02_1113_ergaenzt_p1_fbe23643-febd-4195-8d7e-1150415eb7a2,2002,11-13,3,5
02_1113_ergaenzt_p2_e926ec23-a3ad-4449-849e-b2930be48dbb,2002,11-13,3,10
02_1113_ergaenzt_p2_75ad5780-e514-4b00-922f-e677fce852c8,2002,11-13,4,11
02_1113_ergaenzt_p2_312306c9-8f77-4dde-bfb4-03ae83d42c8b,2002,11-13,4,15
02_1113_ergaenzt_p3_3ff55061-d5fe-4eaf-84bd-b6e355e7e573,2002,11-13,4,17
02_1113_ergaenzt_p3_325580ae-6197-4a80-8a70-411c92b3267e,2002,11-13,4,19
02_1113_ergaenzt_p3_a4b8ce4d-404e-49e7-942b-3005b4813e89,2002,11-13,4,20
02_34_p1_3bddcc0b-aab4-4bd2-863b-1c1eeea64d0b,2002,3-4,3,4
02_34_p2_3ffcbc11-aad8-44ef-bc4a-bc26406e6e9a,2002,3-4,4,12
02_34_p3_70a1cdde-1e70-4472-a846-2a8422067b1f,2002,3-4,4,13
02_34_p4_cc732914-b5cb-42f9-90ba-af8ccd0a039e,2002,3-4,5,19
02_56_p2_428d4cb9-65a8-4139-b4ce-9fcb52611ea3,2002,5-6,3,8
02_56_p2_fee59fa2-7e8e-4b7f-88b9-57d5f941465b,2002,5-6,4,13
02_56_p3_77f821b6-dd4f-4d8d-8c24-4ac13ae443b7,2002,5-6,4,17
02_56_p3_ae0cd2f6-f840-4ab5-bee8-88894cd3a855,2002,5-6,4,20
02_56_p4_6f01e6e8-323c-4cba-acb5-a18a433afc22,2002,5-6,5,24
02_56_p4_b9a250e9-fd87-4e0f-a613-f8104a2d3263,2002,5-6,5,26
02_78_p1_15201a7a-b6fb-46d6-bf68-3de5adea38ca,2002,7-8,3,2
02_78_p1_928f4298-5205-457c-bba7-dc9425fcd388,2002,7-8,3,5
02_78_p1_058c9aac-8984-40ab-94f5-ce5892b41ee7,2002,7-8,3,7
02_78_p2_199bc319-3b04-4b3a-aa39-674ab03f4163,2002,7-8,4,13
02_78_p3_e7fc9ae3-58d7-49bc-87e5-89d61b25f413,2002,7-8,4,17
02_78_p3_c16409ab-094e-4252-9a5f-95b3e55dc635,2002,7-8,4,19
02_78_p4_5bfc82e3-80a7-4c42-856c-1cfcbd24bd7e,2002,7-8,5,23
02_78_p4_d4cad92a-bccf-4d3e-8f4b-c759ed2b267f,2002,7-8,5,28
02_78_p4_340d82cc-550d-4195-86a5-994ee07cb835,2002,7-8,5,29
02_910_p2_ce6d2858-285f-4b86-9bcd-cce3e092d7ba,2002,9-10,4,12
02_910_p2_cb57884b-2bc6-4fce-99b5-342402b90b47,2002,9-10,4,14
02_910_p3_f53e49c2-d367-4ebe-a50c-8aff5611c653,2002,9-10,4,16
02_910_p3_2c0699e4-fbf2-434b-83fc-ab20286c7270,2002,9-10,4,17
02_910_p3_adf08b73-6b52-41fb-88ed-480e220f3dea,2002,9-10,5,22
02_910_p4_b2e9e697-7f44-4af5-a2b8-cda6ea9afc4d,2002,9-10,5,24
02_910_p4_f5ef7564-0e06-4d9d-986a-7ff7354cde2d,2002,9-10,5,27
02_910_p4_4bcf89e6-1c48-43c0-a476-ab863625e835,2002,9-10,5,29
03_1113_p1_22c50f5c-8210-4308-a665-d6d1d95c98be,2003,11-13,3,5
03_1113_p2_d8e94274-9d54-4fee-9078-f2d2b3049663,2003,11-13,3,9
03_1113_p2_10e4dbdd-8b6d-49f3-ab96-99d74d67704c,2003,11-13,3,10
03_1113_p2_2cd24c62-6675-4a49-aa64-688545224462,2003,11-13,4,13
03_1113_p3_c3358a3c-6611-447b-ab76-64c39539a120,2003,11-13,5,21
03_1113_p4_1243cc5d-33fe-4c4e-83a7-2d71abc7f7a9,2003,11-13,5,25
03_1113_p4_44a0637f-dfca-4e6c-b0c5-8c3cd8d78759,2003,11-13,5,27
03_1113_p4_8b6b387d-8566-45ae-badd-9c7f87c5c7db,2003,11-13,5,28
03_1113_p4_6dc3ac77-f313-49e6-a452-8064678f8b1f,2003,11-13,5,30
03_34_p1_ce206c15-a941-4eb7-b7b7-442740350737,2003,3-4,3,2
03_34_p2_d2434e26-66a6-470e-b8ad-b1a4dacd84f2,2003,3-4,3,6
03_34_p2_cd7d8002-1238-4e7a-a752-2a882af20ddc,2003,3-4,4,8
03_34_p2_37f4e179-c232-4426-941f-0508f89d22a6,2003,3-4,4,10
03_34_p3_2fa9b153-4576-4a1d-9273-06df16b1d8ad,2003,3-4,4,11
03_34_p3_5a600e8e-5aed-4332-84ab-abec42d26451,2003,3-4,4,12
03_34_p3_33b6bd1e-2df5-473f-aef1-4673c3967dab,2003,3-4,4,14
03_56_p1_3ee96efb-1736-4566-bc31-6271d904db40,2003,5-6,3,5
03_56_p1_c0bef743-efa0-4460-8f66-97c609d50fa5,2003,5-6,3,7
03_56_p2_35a0919a-bfaa-4e82-afa2-01c1ad56b5a5,2003,5-6,3,9
03_56_p2_507e005a-a130-41f2-876d-bc5696013266,2003,5-6,3,10
03_56_p2_26fd7054-a053-45a1-84fb-f4745634d2f1,2003,5-6,4,14
03_56_p3_b711daf3-10e0-4ab6-a41c-fa6c73c0cc74,2003,5-6,4,17
03_56_p3_7997c69c-b927-4e50-bec1-59147c4cd6af,2003,5-6,5,23
03_56_p4_2d805580-732a-40af-b827-ab465bb7c2a2,2003,5-6,5,30
03_78_p1_122f85f1-99d5-47cc-b7ea-beabbe5c67cb,2003,7-8,3,4
03_78_p1_2d1911fe-7b10-4950-9fde-7ee828ff2569,2003,7-8,3,6
03_78_p2_544be452-8191-45f2-a3ff-b8ff58545dbe,2003,7-8,3,7
03_78_p2_970ecce8-41ee-4f43-9201-1d670c74e265,2003,7-8,3,9
03_78_p3_c2bbbea9-e732-4cea-99ae-9d4fb4daff51,2003,7-8,4,17
03_78_p3_ccb079ed-aa94-4e6f-bd5a-a1b67d1bae1d,2003,7-8,5,22
03_78_p3_8690119d-08e4-402d-bc9d-71a05e8b5576,2003,7-8,5,23
03_78_p4_c3b2f6bb-db22-4a13-81ff-bcadbb62fe5d,2003,7-8,5,29
03_910_p1_d8c7a6cd-fc98-404a-bebe-4434093cc7f4,2003,9-10,3,2
03_910_p1_23d36c69-41cc-405c-979a-b953ef3a0915,2003,9-10,3,5
03_910_p2_ecf8171e-9ff4-4766-9ec9-34349b8bbeb7,2003,9-10,3,10
03_910_p2_e676adbc-48f0-4870-bbad-2190c3d6164f,2003,9-10,4,12
03_910_p3_0b0627d5-c9bd-44c5-b804-d3ce641a4b63,2003,9-10,4,19
03_910_p3_d2746928-f3db-42c0-a1e1-46637db547c9,2003,9-10,4,20
03_910_p3_add880de-0114-48ab-80bb-f80146acdefa,2003,9-10,5,22
03_910_p4_74e9a471-6f7e-4f18-9b39-ba5ebdb6c476,2003,9-10,5,25
03_910_p4_be6b8594-f0c2-4722-8fdf-53e587367885,2003,9-10,5,28
04_1113_p1_e4675b08-2d55-467d-94fb-303c34b87c03,2004,11-13,3,4
04_1113_p2_31863af4-e169-437f-9c07-4a710e37a705,2004,11-13,3,10
04_1113_p2_4596f080-8052-4e41-8cca-7bfe977f3e92,2004,11-13,4,14
04_1113_p3_de1f522d-4730-4e30-981e-653404fbb3b3,2004,11-13,4,16
04_1113_p3_bd7fc5d3-27c5-4b42-ac18-96cd5906f00b,2004,11-13,4,18
04_1113_p3_617c2488-bde1-473f-87a1-7e3dd6e30cf2,2004,11-13,5,21
04_1113_p4_f8d90b3d-74c2-437a-a9b2-d9ee856a06f8,2004,11-13,5,25
04_1113_p4_cac39258-c317-49bd-b222-d1c1816dfdd8,2004,11-13,5,26
04_1113_p4_59b1dfbc-f102-4bf1-998b-711bbc049ebb,2004,11-13,5,30
04_34_p1_21465f76-7d59-40c5-8de6-6ca92f9724ff,2004,3-4,3,3
04_34_p1_2ad07816-6fcd-4cb2-91c6-de5b99c44274,2004,3-4,3,5
04_34_p2_aa9c931c-649b-43d0-94dc-3d8d0f52c915,2004,3-4,3,6
04_34_p2_8f88f467-82f3-4ea3-b48f-7dea0bba000b,2004,3-4,4,8
04_34_p2_714afb3d-989a-4537-b454-cd1b2879d980,2004,3-4,4,10
04_34_p3_747feb7b-7343-487d-bfe7-1d7cfdc2973f,2004,3-4,4,14
04_34_p4_f264d584-fe9e-4cb3-8cb9-2395bf1c1d33,2004,3-4,5,20
04_34_p4_ad44b395-bde8-4425-9d12-cafdea0970aa,2004,3-4,5,21
04_56_p2_521b5e12-133f-4504-b3b5-378d35622e26,2004,5-6,3,8
04_56_p2_996c61d7-2393-482a-9336-5ec2364946b2,2004,5-6,4,14
04_56_p3_b55fd188-ac92-487f-87a8-f773dc608840,2004,5-6,4,16
04_56_p3_6e73a130-6525-4eb0-8db8-53915f8ef772,2004,5-6,4,20
04_56_p3_48e98a30-c1d8-4ac3-bb38-4cf304d1a287,2004,5-6,5,22
04_56_p4_1547b618-0a14-4a98-bf9f-cf32d3675ea4,2004,5-6,5,25
04_56_p4_0fcefe0d-55cc-4d7a-8f64-aa74c7b18425,2004,5-6,5,27
04_56_p4_3d210cdf-1094-4efb-b248-125a531e728b,2004,5-6,5,29
04_78_p1_3bd251a6-0de6-4b3a-b9da-36f8017910ba,2004,7-8,3,2
04_78_p1_51230a25-c595-4f85-9119-7c21763aac35,2004,7-8,3,3
04_78_p1_fa7407aa-c142-44b0-9bb3-eb945cde54f5,2004,7-8,3,5
04_78_p1_f90a0f15-3307-4bdf-817d-2c9cafb9eab7,2004,7-8,3,6
04_78_p2_8a97f22a-643d-4b9f-94ab-5808ad23b1b0,2004,7-8,3,9
04_78_p2_910d9911-d6bf-4b7c-a907-5790985d3c3b,2004,7-8,3,10
04_78_p2_4a6a2d49-38ee-4bd3-bd29-89a1398a92ce,2004,7-8,4,15
04_78_p3_d53da424-c45c-4d46-9c86-be938e854466,2004,7-8,5,22
04_78_p4_711f4b88-5a8d-4bfb-b8e8-5f297c375d99,2004,7-8,5,25
04_78_p4_25dde6a4-d800-40a7-8882-97846a38cf08,2004,7-8,5,27
04_910_p1_1b4704a0-68d7-4fd7-a41d-3f13d9e4ea2f,2004,9-10,3,6
04_910_p2_e5771cb4-850b-4b36-9561-34a318ed7363,2004,9-10,3,8
04_910_p2_f6e65fdb-f616-4b70-8f9f-db87d4c96924,2004,9-10,3,9
04_910_p2_2b1f27bf-f5a8-4cf2-adb5-f0582b27979f,2004,9-10,4,12
04_910_p2_2dbdb25f-b045-4180-8a1d-1d27d0d3cccf,2004,9-10,4,14
04_910_p3_99c2be25-67c9-477f-9f40-0880b8741ec7,2004,9-10,4,18
04_910_p3_01e059ed-5474-4ef3-9839-9664071e359c,2004,9-10,4,19
04_910_p4_da6adb0f-34d7-44e0-8ad6-752ed68b1b9c,2004,9-10,5,24
04_910_p4_cdae7663-5f79-4c76-b0a7-fe3f32f61a5c,2004,9-10,5,25
04_910_p4_46e6e8dc-04f6-43f6-8aa0-ae30e7a830c8,2004,9-10,5,26
04_910_p4_ae7b5045-4371-4bdf-b53b-c83b72bf9265,2004,9-10,5,28
05_1113_p1_d74cfb74-acb6-4354-ad81-ca5176017509,2005,11-13,3,3
05_1113_p1_529c62ac-215e-4b39-aa2c-c2379ea8dcf6,2005,11-13,3,7
05_1113_p2_cb9d59ca-742f-452e-98a7-a15be0823348,2005,11-13,3,8
05_1113_p2_e70f5eac-9e26-4ff0-8745-4f66829c2721,2005,11-13,3,10
05_1113_p2_cbe14047-226a-4d5d-95cb-e8f9fc5b013a,2005,11-13,4,13
05_1113_p3_ff3d4afe-178e-4559-b52c-b81496ca68b4,2005,11-13,4,15
05_1113_p3_423b7151-bbc3-4e37-a5bd-1f86933966d4,2005,11-13,4,19
05_1113_p4_c4ff3ece-c977-4ea6-a878-e8244a0c584b,2005,11-13,5,27
05_1113_p4_fb2eb332-8c75-4a65-92b8-f92221e9db0e,2005,11-13,5,29
05_34_p1_ede5d502-4e62-4986-86f0-2df6eb74a75e,2005,3-4,3,1
05_34_p1_e29c0765-d960-495c-b4fc-6a932165280a,2005,3-4,3,4
05_34_p2_3e5b057c-756b-4710-a60d-86e60c316353,2005,3-4,3,5
05_34_p3_9ec5a10d-c7a7-4f62-a063-b268232ff7db,2005,3-4,4,11
05_34_p3_d314af2f-72bf-43f3-9f2a-fd6aaae51b4b,2005,3-4,5,15
05_34_p4_ee02cd64-6ab4-43eb-b4ba-929e60ad11d2,2005,3-4,5,17
05_34_p4_2eab8eac-396f-4ea8-9184-c8c31facabb6,2005,3-4,5,19
05_56_p1_afa3c6da-80a9-4f59-b00e-bf118bf80ef1,2005,5-6,3,1
05_56_p1_ba7f5b8e-a83f-48dd-8ba8-b8932cb20e68,2005,5-6,3,3
05_56_p1_db6ce8a9-b378-46b8-a9b6-aedb7c3b286d,2005,5-6,3,6
05_56_p2_09698f57-1e0a-4592-8378-5d76ccd7d163,2005,5-6,3,9
05_56_p2_ac0b60cf-e971-4ca7-9a20-d1fec4780f95,2005,5-6,3,10
05_56_p2_c48560f7-c3e1-4c94-ae78-df2a416d421f,2005,5-6,4,14
05_56_p3_1778ed17-b2ed-4150-8758-00073369a503,2005,5-6,4,16
05_56_p3_0e8b522e-f2b8-45e2-a425-b3cf0f82c859,2005,5-6,4,19
05_56_p3_e9302b02-51af-4aaf-a4b4-5919492fdfbd,2005,5-6,5,22
05_56_p4_5b7e416d-aa55-4dd6-8f83-068a060d69e1,2005,5-6,5,24
05_56_p4_5ca64e3e-8394-4d5b-8aa5-95a649f67fcf,2005,5-6,5,27
05_56_p4_0d383831-e412-4adb-ae5b-6ddc57c7bcfa,2005,5-6,5,29
05_78_p1_a0723568-467c-494d-b7e7-e915fd3eec12,2005,7-8,3,1
05_78_p1_538a40fc-a7dd-47cf-aace-e12c7d9dd9f7,2005,7-8,3,3
05_78_p1_f04db14f-602a-4984-94f3-738e73bf7d99,2005,7-8,3,5
05_78_p2_b0b64f47-1c92-4f0b-a127-c5b178044998,2005,7-8,3,10
05_78_p2_1007a08c-7073-41a7-90a8-3f7f3b6babc4,2005,7-8,4,13
05_78_p3_feca1817-399f-4495-a7d2-2938696dce7b,2005,7-8,4,18
05_78_p3_044e49fd-56da-40a0-848b-9fab0412a77d,2005,7-8,4,20
05_78_p3_81601739-c393-43d3-ad97-344ce484b610,2005,7-8,5,21
05_78_p4_b14a85a6-45f7-46cc-97e6-90653c63b07c,2005,7-8,5,23
05_78_p4_bdfb9c30-e365-4478-b0e5-836fa3eac059,2005,7-8,5,25
05_78_p4_08dff2e0-06de-42e3-9c13-83d413d7908a,2005,7-8,5,29
05_910_p1_da3adb00-bf1d-42bc-abee-aa43bfe195a8,2005,9-10,3,2
05_910_p1_4942ae6f-8f2c-44cc-97c4-54f1646da096,2005,9-10,3,5
05_910_p2_a2c55a52-2fc8-4433-932e-cfe3973d94f4,2005,9-10,3,8
05_910_p2_e559c69d-c7c5-4c7d-8523-ced33a72038b,2005,9-10,4,14
05_910_p3_af24fc5e-f0e0-463e-9e07-bceaf6a4ce97,2005,9-10,4,16
05_910_p3_9bfea78c-d588-4784-b281-587f54898a0a,2005,9-10,5,21
05_910_p4_f5d415eb-4f13-4eb2-bb24-d4e14bd41d4e,2005,9-10,5,25
05_910_p4_daf8b207-b7d5-4a53-ab3a-f4d455c5744a,2005,9-10,5,27
05_910_p4_a419b84e-835f-48e3-9107-4219d6b54bdb,2005,9-10,5,28
05_910_p4_d5c5ad87-afa7-4ce8-93d9-b48727e58478,2005,9-10,5,30
06_1113_p1_6f1d322d-8bae-4bfc-ad93-6d3647d1544f,2006,11-13,3,3
06_1113_p2_c9f5ec4c-78b5-488b-bcc2-d5b3c025a8d4,2006,11-13,3,7
06_1113_p2_06f6077b-3d1d-4db5-af8c-ab53086fa81b,2006,11-13,3,9
06_1113_p2_ddb9f285-88f4-4db3-80fa-a3bd58c543b4,2006,11-13,3,10
06_1113_p3_762bc72c-b2f1-40e0-a5f2-c47a844031f7,2006,11-13,4,15
06_1113_p3_2f1937c0-79c5-49f4-9390-838fbead3e3c,2006,11-13,4,17
06_1113_p3_27827dfd-3e14-4691-886f-ae68aa6e22af,2006,11-13,4,19
06_1113_p3_f53dc758-0220-4041-95e7-ebc3bcf398de,2006,11-13,4,20
06_1113_p4_b76fb026-c3a3-4e16-803c-e45dc63bd2d2,2006,11-13,5,22
06_1113_p4_732ecbe2-f531-4d61-82fa-74655f2c4d48,2006,11-13,5,24
06_1113_p4_c2f4458b-f95f-4615-89d1-3160bdce541e,2006,11-13,5,28
06_1113_p4_44bc48c7-b221-4a1e-9b4d-f84314976ee3,2006,11-13,5,30
06_34_p1_bd1e28b5-e2c1-4820-9f98-bccc21e05607,2006,3-4,3,3
06_34_p2_f9a880a4-f8ad-469a-8575-7c42c12f9ae4,2006,3-4,3,7
06_34_p2_e40ebe32-e96f-4cda-8155-048ee1caa426,2006,3-4,4,10
06_34_p2_584279b2-2a6f-4978-901f-01088d33c835,2006,3-4,4,11
06_34_p3_e5cdc195-660a-40cc-b7b0-d8e8c3ed14a7,2006,3-4,4,13
06_34_p3_49e9cd58-6a3f-4f31-a2cf-eaeada89a78a,2006,3-4,5,15
06_34_p4_15d3e33d-090e-49fa-937a-7a3eb11a0dc2,2006,3-4,5,18
06_34_p4_f6467908-4051-4ab6-96c6-484ca26f388c,2006,3-4,5,19
06_56_p1_c9193a69-fab3-43a1-a601-c8d753c74376,2006,5-6,3,1
06_56_p1_11b7c14d-57f1-4543-823e-ecad6a11e533,2006,5-6,3,3
06_56_p1_866cc5e1-2fcb-4fab-ad47-9ae9397e2a4c,2006,5-6,3,7
06_56_p2_f9a255e1-63bf-4b56-b0a3-98096e1bff9e,2006,5-6,3,8
06_56_p2_f36e794f-a96a-4cfb-af7c-f915f92d1a35,2006,5-6,4,13
06_56_p2_e1c8b577-395a-4c6e-baae-d37cd1c46f04,2006,5-6,4,14
06_56_p3_f11a89e7-457e-4cec-a1f8-857a55bf4cba,2006,5-6,4,18
06_56_p3_e35fc473-cda4-48c4-a5d3-40e42e41cfd6,2006,5-6,4,19
06_56_p3_c026ca60-044b-4754-bfd5-9f9fec0e9036,2006,5-6,4,20
06_56_p4_8b2837da-7c56-40f4-97d5-e789048772b4,2006,5-6,5,24
06_56_p4_50b619af-b532-4623-8ef4-544f321febb9,2006,5-6,5,26
06_56_p4_a8a61f21-afd1-4d2e-969f-b2fe769976bb,2006,5-6,5,30
06_78_p1_d533db16-c1d8-4eb2-9e0f-e5164cce4374,2006,7-8,3,3
06_78_p1_d483d136-1bbb-4a67-a650-7bd2cb8b4c00,2006,7-8,3,7
06_78_p2_fb4f66fc-8157-44be-9942-134f604830e1,2006,7-8,4,15
06_78_p3_4cfcbd10-d3d8-4733-b968-56312f78fd0a,2006,7-8,4,20
06_78_p4_db2fd7b0-d35c-4dac-a162-0a8d6672c9f0,2006,7-8,5,24
06_910_p1_e69553ed-7d6e-4054-8096-f9c6e4ba8f77,2006,9-10,3,3
06_910_p1_df577d3d-aa6b-4550-93e9-db24cae42c7a,2006,9-10,3,7
06_910_p2_a8f3908c-3618-4cc1-bd6d-79dd7dad489e,2006,9-10,3,10
06_910_p2_0de18295-681c-4465-885b-03db419020b9,2006,9-10,4,12
06_910_p2_d0426992-ee62-434e-8836-d4d1f678231e,2006,9-10,4,15
06_910_p3_0063604c-748d-417e-bf8e-dad1768c0f68,2006,9-10,4,17
06_910_p3_f680c727-28eb-4511-93de-7de930ae3bc2,2006,9-10,4,18
06_910_p4_18879761-dbe8-4e2f-85e3-e030adc6b74f,2006,9-10,5,26
06_910_p4_1e979e80-2c43-454d-a318-471759638e17,2006,9-10,5,28
07_1113_p1_49eee48c-a056-48ad-b6b9-a339e0416cc9,2007,11-13,3,1
07_1113_p1_f9c96e21-edce-4e0c-83c4-49e04bfe69f9,2007,11-13,3,3
07_1113_p1_9aed2c19-b630-4031-b4dd-b2d34e0a9c14,2007,11-13,3,5
07_1113_p2_8b311c08-fae8-4662-89d7-7dd58dc554b5,2007,11-13,3,9
07_1113_p2_6a8e8e58-4843-4c06-aa08-77306d3a6229,2007,11-13,4,15
07_1113_p3_64812ded-7212-48d8-afba-07eab0a8efde,2007,11-13,4,16
07_1113_p4_e5525539-d80b-4a8a-8008-5e26e260a7f8,2007,11-13,5,25
07_34_p1_01a52326-450d-4369-bf3a-1c08b48fa217,2007,3-4,3,2
07_34_p2_860288f0-817f-465e-abde-536b968ebe6a,2007,3-4,3,7
07_34_p2_47b70f3a-d16b-4e78-b74e-07e36aa75266,2007,3-4,4,10
07_34_p3_8092de30-7012-4285-90a5-e30538518755,2007,3-4,5,16
07_34_p4_8d3be26b-c9fc-491a-8f61-62e39b116cad,2007,3-4,5,18
07_56_p1_03e250bf-c8d7-4820-9de6-5b637ab456a6,2007,5-6,3,1
07_56_p2_8af20ac0-5eac-469c-89a3-db2d9d4bfd4e,2007,5-6,3,10
07_56_p2_9dd733f8-a3f3-4992-9f73-9e4b0dca5631,2007,5-6,4,13
07_56_p3_fab273b8-7a5e-4815-b04d-21602c6c83a5,2007,5-6,4,18
07_56_p3_3a66d77e-11fb-475b-b299-b7c9fa1e34be,2007,5-6,4,19
07_56_p4_0798ebba-7b5c-40f3-9a23-17f27eaf1fd0,2007,5-6,5,23
07_56_p4_30b8c0a8-1316-4a21-b34b-63001305aec5,2007,5-6,5,25
07_56_p4_0921c026-00ab-4650-9112-56a9e87c62f3,2007,5-6,5,29
07_56_p4_93c9d001-12d6-449e-97e9-4f75a2f7f31e,2007,5-6,5,30
07_78_p1_7a7ef917-8139-43f1-aaf3-4d652613ca36,2007,7-8,3,3
07_78_p1_9c12f9db-d21e-41da-b085-9e44a5d0c337,2007,7-8,3,4
07_78_p1_48944c09-81ab-41cb-8bfb-b010331cc276,2007,7-8,3,7
07_78_p2_091314ff-afd3-4c1f-8c8a-6146cb0f36c4,2007,7-8,3,9
07_78_p2_643fe048-3e2e-4b80-ada6-04f5f1d23d83,2007,7-8,4,11
07_78_p2_385d22bb-4b90-4e03-bb83-a1f137463285,2007,7-8,4,13
07_78_p2_714a36b3-3d1d-4798-92ae-b63973aa2f34,2007,7-8,4,15
07_78_p3_38d3a630-1adb-4b48-a3ce-c09b77b1d089,2007,7-8,4,17
07_78_p3_8a9e2cfc-08f0-4dd9-b95d-ba17ae51a23a,2007,7-8,4,18
07_78_p3_81bfb28d-c333-4bad-8b90-12192a305d3b,2007,7-8,4,20
07_78_p4_af4f3d62-e7fb-4bf0-b393-57306a194df4,2007,7-8,5,26
07_78_p4_b8e4cc09-9bc2-43c0-bc7d-2ba15ad2541d,2007,7-8,5,27
07_78_p4_ce3a8eb9-d564-476c-9dbd-a91426be692f,2007,7-8,5,30
07_910_p1_e113a228-5b7c-494a-a6bc-f66c8e9d7efb,2007,9-10,3,1
07_910_p1_5f427750-7b02-490b-adba-c5e34deeceab,2007,9-10,3,3
07_910_p1_903e4f96-0f33-4f62-ae70-3773727475ad,2007,9-10,3,6
07_910_p2_49ceac7a-29c5-4bbe-8b7a-592531c131cf,2007,9-10,3,7
07_910_p2_1cf6d104-4bdc-440c-b899-ed8e3919ee9d,2007,9-10,4,12
07_910_p3_718ec760-dc18-4d68-8604-5d9aa1410d3b,2007,9-10,4,16
07_910_p3_f78272b3-0ef7-4e9d-9522-8ea61499da00,2007,9-10,4,17
07_910_p3_a23376f0-b7c8-4af8-b257-13802006e81b,2007,9-10,4,20
07_910_p4_477bb124-8447-4534-9624-1d790417bcbd,2007,9-10,5,22
07_910_p4_02cfb284-0644-4659-bcf2-5a0bd4c8672d,2007,9-10,5,27
08_1113_p1_d7190068-bec8-4d64-a9cd-004cc2a2cd11,2008,11-13,3,5
08_1113_p1_b90008d9-b53e-4d10-9357-bf01e147081e,2008,11-13,3,8
08_1113_p2_c0e624ba-a241-4d4b-aca7-29bdc854b4ca,2008,11-13,4,13
08_1113_p2_8ea6b339-e4be-44c5-a308-5783e7f13f46,2008,11-13,4,15
08_1113_p3_7a32640b-6554-4e54-a1f4-e03e814c7047,2008,11-13,4,19
08_1113_p3_0af58887-b407-40a6-a7bb-eb2e85735ea6,2008,11-13,4,20
08_1113_p3_ffe643d5-3130-449d-ac34-d27dd5fe1514,2008,11-13,5,21
08_1113_p3_a649e077-ff9e-40cb-bab1-7330cc258743,2008,11-13,5,23
08_1113_p4_5f71e52c-34c1-4e91-a466-5cc1953a2948,2008,11-13,5,24
08_1113_p4_df78c81d-0563-4c4f-9eef-a80b22e66a73,2008,11-13,5,26
08_1113_p4_62b1d832-0003-4d54-a88d-7df239544b06,2008,11-13,5,28
08_34_p1_8bd9926e-7ea8-4f70-be19-5919087cc653,2008,3-4,3,3
08_34_p2_db7c42fe-3d0c-4681-b9cc-0bae48f83dfe,2008,3-4,3,5
08_34_p2_47912f2e-b05a-4d32-bf1d-04b4aa2bea3f,2008,3-4,3,7
08_34_p2_7c4077e7-706e-4f06-87c5-527d7bc6b5d6,2008,3-4,4,9
08_34_p3_f9b79d3e-60c2-4e9b-bbe9-3f7376542bda,2008,3-4,5,15
08_34_p3_0b1b350e-39b8-4315-9760-d4a4d9f4b00a,2008,3-4,5,16
08_34_p4_2af5690c-c342-454e-b529-364567779d6f,2008,3-4,5,21
08_56_p1_06af5792-4238-4218-aec9-49a11f89874a,2008,5-6,3,4
08_56_p1_ee454419-1008-4ef4-9689-18726f121e76,2008,5-6,3,7
08_56_p2_2907c5e3-35a7-4f00-988b-9b823da95764,2008,5-6,3,10
08_56_p2_f4c2720a-74d7-4ee7-b23d-b64477a83eff,2008,5-6,4,12
08_56_p2_46474843-b97a-48b3-877d-babc73dd2c01,2008,5-6,4,14
08_56_p3_c55dce89-2002-42c5-8bc7-3b61a271a304,2008,5-6,4,15
08_56_p3_47d9e015-dac8-43ad-8ac7-282617aad1e3,2008,5-6,4,17
08_56_p3_715e75a9-21dc-458f-9698-824cb6ceb8bb,2008,5-6,4,20
08_56_p3_33959af6-30dd-4b7e-914e-b2e534498655,2008,5-6,5,22
08_56_p4_bab48a8b-125f-4a49-b20f-1e6f7ffabb54,2008,5-6,5,24
08_56_p4_2037776b-824b-4102-8813-20c15e50747b,2008,5-6,5,27
08_56_p4_11fbd8db-4b37-42b8-897e-1d97fdfee030,2008,5-6,5,29
08_78_p1_fecdddef-970c-4c42-8888-0c774d700f00,2008,7-8,3,3
08_78_p1_c66fb5bf-8a8a-4fde-90a6-57200815efed,2008,7-8,3,5
08_78_p2_8d8c6349-0f27-4df4-87da-6e3d9115fd5a,2008,7-8,3,8
08_78_p2_50a4afcc-639b-4d6e-9052-b7cb747f10d2,2008,7-8,3,10
08_78_p2_e78324d8-3bd7-44c7-a968-b19dd62c9e85,2008,7-8,4,13
08_78_p3_a57367b0-01d4-4eec-892e-ee8911baa83d,2008,7-8,4,16
08_78_p3_e6a4981c-1027-4486-8f54-cd449e57f111,2008,7-8,5,21
08_78_p4_e39d88ed-ec40-4656-9944-94f85a00fe97,2008,7-8,5,26
08_910_p1_4cd8fd95-9062-477a-846d-49aeee5f6602,2008,9-10,3,1
08_910_p1_88ae28ee-1a5f-4fd3-b18a-38a3fcbe23ba,2008,9-10,3,3
08_910_p1_a984326a-b24a-48d4-a698-c38856557970,2008,9-10,3,5
08_910_p1_1ba260ba-cd7c-46fa-a8ca-080350410d1a,2008,9-10,3,7
08_910_p2_3efcdadd-b05c-476a-9f21-729a9a5202ec,2008,9-10,4,13
08_910_p3_8624b952-9ecf-4178-9396-203245981dd8,2008,9-10,4,15
08_910_p3_400844fc-a78d-4f7f-8a7c-af2294d50009,2008,9-10,4,16
08_910_p3_ae42cbc8-c5f0-41f3-856f-aed7278ff319,2008,9-10,4,18
08_910_p3_cdcf1d49-8c35-4b5e-a4c3-ad447896c62a,2008,9-10,4,19
08_910_p4_21d8a7d7-5893-4528-9225-27eceec5168b,2008,9-10,5,25
08_910_p4_e7a7a535-f24b-41f1-a6f2-4ccb6d076745,2008,9-10,5,27
08_910_p4_cf9629b1-8d7a-47db-b89e-b6813a2d0f7c,2008,9-10,5,28
08_910_p4_8ba0502e-ce49-4208-af5f-999e04ea77fa,2008,9-10,5,29
09_1113_p1_cf8f4ff2-8c27-4aa6-8e93-92831b04bfe6,2009,11-13,3,5
09_1113_p2_2b1ec0b4-1d4f-442e-94e5-399f08ed9873,2009,11-13,3,8
09_1113_p2_62b3c125-786a-450a-8797-5660dacc4c61,2009,11-13,3,10
09_1113_p2_1aba07ca-46e5-42a6-ad1c-44572777735f,2009,11-13,4,12
09_1113_p3_0358636a-4c03-4fe8-9449-69d03318f4c0,2009,11-13,4,15
09_1113_p3_84ec441e-2c0b-4faa-8af4-d0304b3ffbd3,2009,11-13,4,17
09_1113_p3_ad909e5c-134f-41c6-9dde-00733505b191,2009,11-13,4,18
09_1113_p3_39c689de-7105-46c6-9158-4717b22f7dd7,2009,11-13,5,22
09_1113_p4_680a14dd-62cb-4c37-8d2c-5cbe0734c575,2009,11-13,5,27
09_1113_p4_fa0fb6c3-044f-424a-a23e-f100ea610f31,2009,11-13,5,29
09_34_p1_b9b7f1a9-a1e9-4eb2-8674-59b051051250,2009,3-4,3,2
09_34_p1_2a411f85-5f55-43dc-8f39-ef2897a9e04e,2009,3-4,3,4
09_34_p2_2c6c08de-4af3-4da7-a505-363f4a5dc260,2009,3-4,3,6
09_34_p2_c69ca260-5dd3-427e-aa43-414e9f6c95a1,2009,3-4,4,9
09_34_p3_d6dd39de-5172-497f-9456-fc519758f508,2009,3-4,4,13
09_34_p3_1bc5198d-eddd-4999-8fa5-7d99f82c9a96,2009,3-4,5,16
09_34_p4_8b090f9d-1959-4c25-9665-8c3bdcd51ce6,2009,3-4,5,18
09_56_p1_a541d63f-db28-4027-8d70-02b943bb1dfb,2009,5-6,3,5
09_56_p1_47f998b5-c98f-4c27-9cef-20846de6fee5,2009,5-6,3,7
09_56_p2_8a85f997-2722-4a3f-930c-ab3b707ab396,2009,5-6,4,11
09_56_p2_57c4b639-a89e-464a-a585-8c3a6722c3b0,2009,5-6,4,12
09_56_p2_d5fc34a7-5d04-48e5-93f4-029e96dbb4e2,2009,5-6,4,13
09_56_p2_96fcc048-8c75-4b1d-8068-fc3c38708bb2,2009,5-6,4,14
09_56_p3_63220974-131f-441b-81b9-6ef5778d036d,2009,5-6,4,16
09_56_p3_33fe13d5-2d1c-4ea4-87b7-97d7513883cb,2009,5-6,4,19
09_56_p3_15527ce9-aef5-423f-bd01-5b58a0d291c2,2009,5-6,5,23
09_56_p4_d1b1bfe0-2779-4d92-b843-74996e7122b6,2009,5-6,5,25
09_56_p4_edbaf210-b2c6-463d-9e10-6d864f62aeaf,2009,5-6,5,26
09_56_p4_903ec5a8-7078-469f-8b0f-e331485d9a66,2009,5-6,5,27
09_56_p4_f0006ebf-f100-48b2-86a4-680d81352aa3,2009,5-6,5,28
09_56_p4_716eba97-690b-4fca-8e50-cdd4c830d598,2009,5-6,5,30
09_78_p1_38d41827-af9e-4ba5-bcef-f9167a69a38f,2009,7-8,3,2
09_78_p1_f0290537-465d-4770-93ab-ee383e175631,2009,7-8,3,4
09_78_p2_ac74ec45-6a25-4d8d-b6ea-3b31b74efd51,2009,7-8,3,9
09_78_p2_f80fc870-b2f7-4fa3-a36d-2108c5196dd2,2009,7-8,3,10
09_78_p2_eabf5745-465a-40b1-845b-f9afecb96485,2009,7-8,4,12
09_78_p2_494fe09c-39de-4cf2-aa0d-cc77f5d6fc12,2009,7-8,4,14
09_78_p2_f0a95c9b-cbaa-4c74-b884-f25b1a2bf06e,2009,7-8,4,15
09_78_p3_38cb7ce7-62c6-44e2-823d-eedaa3707820,2009,7-8,4,18
09_78_p3_44a9f1cd-ab41-49b7-b9db-c49aab642c8e,2009,7-8,4,20
09_78_p3_4fa58cc5-b72f-480f-bbb2-c9c5f7869376,2009,7-8,5,21
09_78_p4_ea315160-6e96-4a3d-94e2-5730b12f7f7c,2009,7-8,5,23
09_78_p4_c881b988-3ec4-41dc-816a-296141e38487,2009,7-8,5,25
09_78_p4_0b6db957-4ea8-40ed-b851-927f3aaf010b,2009,7-8,5,26
09_78_p4_4b1b4e14-c19d-4c03-ab2a-8d62f52f641e,2009,7-8,5,28
09_910_p1_d85865a4-5444-4b64-aadf-6c2f17f30f16,2009,9-10,3,6
09_910_p2_d2c6dfb5-28ab-49da-84a1-bf7fe4f5ead3,2009,9-10,3,8
09_910_p2_22938684-ac12-492b-be0d-dcf8f78cedbe,2009,9-10,3,9
09_910_p2_64887722-77b8-4577-bc01-e7cf87758bbb,2009,9-10,4,13
09_910_p3_8431ef83-b33c-44c5-9209-0fe16cd1042b,2009,9-10,4,16
09_910_p3_86841dac-fc79-4f67-9624-0639369402ea,2009,9-10,4,20
09_910_p4_056bf599-f9c6-4a50-8585-f3b45f4ae4c8,2009,9-10,5,29
10_1113_p1_93b9f2b3-1532-4136-870d-30333e407516,2010,11-13,3,1
10_1113_p1_d38f4429-e546-4250-8626-0d4ff7e50f18,2010,11-13,3,2
10_1113_p1_9e116e6c-e5a1-4a56-af47-3e61cf36bd55,2010,11-13,3,7
10_1113_p2_3921f85c-5f64-45ad-a1b2-b07488b9b9a5,2010,11-13,3,9
10_1113_p2_349a5059-0bb0-4584-bf8f-e599c725cbae,2010,11-13,4,11
10_1113_p2_d2f3a621-bd2e-4277-a2fa-0481c845383d,2010,11-13,4,14
10_1113_p2_0a04a644-8e0f-49b9-9f7f-1b163fcd55fd,2010,11-13,4,16
10_1113_p3_47f137c8-f45c-42fd-aa5b-68dda92e9685,2010,11-13,5,21
10_1113_p3_85805925-d105-4cee-b351-680b59d92454,2010,11-13,5,23
10_1113_p4_b7be0e96-8946-46f9-b427-2701b98b8ecb,2010,11-13,5,25
10_1113_p4_ce06bc04-a476-4cb3-a1f4-631b485d5ae7,2010,11-13,5,28
10_1113_p4_a83aa649-3621-461b-b1a5-065ae9dff582,2010,11-13,5,30
10_34_p1_35cc9f45-bac7-4253-957b-f5615718593f,2010,3-4,3,2
10_34_p1_0deef766-45d9-4bfc-ba32-5c077daded85,2010,3-4,3,4
10_34_p2_883ed228-ac9d-4eff-b08f-8258dd3e92a1,2010,3-4,3,8
10_34_p2_a6c07138-3660-4205-8a50-195e684bb730,2010,3-4,4,10
10_34_p2_102b4f0d-1dce-4270-b1c3-28bad726caac,2010,3-4,4,13
10_34_p3_24bca3e6-effe-460b-9997-68a4af091714,2010,3-4,4,16
10_34_p3_1e31bdf2-152a-4bab-9be4-56c9b104955a,2010,3-4,5,17
10_56_p1_20dac36c-8d42-4286-a1f0-f00ea104b7b5,2010,5-6,3,2
10_56_p1_0432720b-de2d-4274-bff9-332fad6d595b,2010,5-6,3,5
10_56_p2_e3bf9416-f72d-4c0f-ad8f-241f15c09d9b,2010,5-6,3,8
10_56_p2_94e45fd5-63aa-4bb9-bed5-987b4cc4283f,2010,5-6,4,12
10_56_p3_bb98cb55-b69b-4d34-baa3-351c7143777f,2010,5-6,4,13
10_56_p3_8c33b63b-c23d-4ecc-89de-c4dcc8f3d2a4,2010,5-6,4,14
10_56_p3_cbdf301c-ddcd-459f-b8ba-8de1c0dc53ab,2010,5-6,4,16
10_56_p3_9308a72c-d255-465b-82aa-99ec28d95970,2010,5-6,5,17
10_56_p4_89895a3b-59e4-4b0d-9c31-3661b2f37572,2010,5-6,5,20
10_56_p4_1f19a264-9aff-4e95-bee7-309a4d2331ea,2010,5-6,5,21
10_56_p4_6d572ab8-6275-48a7-a24f-d95b4d379011,2010,5-6,5,23
10_78_p1_5e66f2db-a545-4034-b9db-06c6d95763ae,2010,7-8,3,2
10_78_p1_97727a13-644e-4343-9446-ff2a86e0ee69,2010,7-8,3,5
10_78_p1_61d87198-0f8a-4071-8477-907b6bc2e6f5,2010,7-8,3,7
10_78_p2_ba0f5061-1119-472d-81a9-e2751ec421f3,2010,7-8,3,8
10_78_p2_6c359d9c-8849-4674-bad1-e01b53fe1bd8,2010,7-8,4,15
10_78_p3_bd8f3e50-9c55-444f-83c6-121bb7177be9,2010,7-8,4,18
10_78_p3_7326a896-6b19-46d5-9b32-ee2b069dcef7,2010,7-8,4,19
10_78_p4_66397058-1f28-4a06-a692-e5112c5ec905,2010,7-8,5,24
10_78_p4_44844b29-16fa-4211-bc2e-76c79d751c0b,2010,7-8,5,25
10_78_p4_0b439d8e-8fa5-444a-b27f-a1dd8c5f89c9,2010,7-8,5,29
10_910_p1_a9c137e2-9fbd-460c-9846-cee80183d6b8,2010,9-10,3,1
10_910_p1_6b000e60-6c98-428a-abc4-028cb26a6b2a,2010,9-10,3,4
10_910_p1_41962dd7-a5d5-4260-9b2c-4913c25595c3,2010,9-10,3,6
10_910_p2_602a5547-837a-4738-8457-f946c085547b,2010,9-10,3,8
10_910_p2_28ffd805-0b43-4ce4-b99d-a4e69d02dc46,2010,9-10,3,9
10_910_p2_e9dc8081-895b-4205-a508-532270f3f02f,2010,9-10,4,12
10_910_p2_6656b5c6-e4a5-429f-b474-16ece2b09167,2010,9-10,4,14
10_910_p3_fbdd3034-68ff-4270-a4f6-82502f07ac61,2010,9-10,4,16
10_910_p3_c3b133df-f6a9-4ee0-8ec4-30f652aa672a,2010,9-10,4,18
10_910_p3_c6f74458-d11e-4c90-a47e-fbd1552c94e7,2010,9-10,4,20
10_910_p4_13939cd1-b2d5-49ad-bcbd-26bee666fd16,2010,9-10,5,23
10_910_p4_f1f356aa-1235-4a1f-85aa-3e42151877fd,2010,9-10,5,25
10_910_p4_8f61cf67-0b0e-4c42-a54b-7f4ea574067e,2010,9-10,5,30
11_1113_p1_dd57ea94-e0d3-4bf2-b3aa-bc1d7e23fbfb,2011,11-13,3,1
11_1113_p1_de5919e9-3293-41b8-8f90-43d3caef105e,2011,11-13,3,3
11_1113_p2_08b0fe47-f3f9-4d80-9428-7898c578b25d,2011,11-13,3,8
11_1113_p2_5cf893f0-3be6-4f21-957b-b39ebbe854d3,2011,11-13,4,11
11_1113_p2_9d75b165-3249-4288-8e65-f482474367ed,2011,11-13,4,14
11_1113_p2_9c406fd0-528f-4211-85e4-3a1bd4e87229,2011,11-13,4,15
11_1113_p3_82547198-e8b2-4afa-a4ae-f32ff7af3099,2011,11-13,5,21
11_1113_p4_4741d8d5-aab5-4efd-80fe-00c112f93dab,2011,11-13,5,24
11_1113_p4_c3a553ba-4b35-4d2b-8782-66657a059f91,2011,11-13,5,29
11_34_p1_ccbf0a80-b4e5-47a7-82d1-7ce1cef03401,2011,3-4,3,5
11_34_p2_890ec8b1-4a04-471f-915c-227b4afef2de,2011,3-4,3,6
11_34_p2_e4841728-44d6-4e0f-86d7-d0a90cd47d4d,2011,3-4,4,12
11_34_p3_9fd97557-2678-4043-acaf-26052ed64018,2011,3-4,4,14
11_34_p3_d26d5a8d-e511-4d36-81db-a9ffde7d1e6f,2011,3-4,4,15
11_34_p3_4f4fa232-7237-4b16-80ed-264dc0d3bf10,2011,3-4,5,17
11_34_p4_edd154b8-2259-496a-93f9-344d856ae1f2,2011,3-4,5,19
11_34_p4_8836b743-28a8-430c-81ea-f470a1d2983f,2011,3-4,5,22
11_34_p4_07c669fc-7690-4c5b-ae9b-1fa6d4524d35,2011,3-4,5,23
11_34_p4_df80b74f-0d18-4b2b-a44f-2c1b7adcbf35,2011,3-4,5,24
11_56_p1_7a28da20-2365-4093-be60-596a35fc39a0,2011,5-6,3,4
11_56_p2_bd7bf8e7-f89e-4987-8be5-9690fd48a5c5,2011,5-6,3,8
11_56_p2_922af44b-8a3a-42e2-93df-0aafb70a9d46,2011,5-6,4,11
11_56_p3_42efdef7-1792-4d83-a3f2-692ee19a0cdc,2011,5-6,4,12
11_56_p3_a5348e38-5bed-427f-b032-112a148d33c3,2011,5-6,4,14
11_56_p4_cb21a2e9-9de1-4660-9005-c09bb95db6e6,2011,5-6,5,18
11_56_p4_d3d2c0d0-7b3e-4828-aaea-98fe2da2163d,2011,5-6,5,22
11_78_p1_cb5177f3-7425-4dcf-8c45-efe7168bdd3a,2011,7-8,3,3
11_78_p1_06906637-70e3-46c5-8ba6-a62bfbe1d70f,2011,7-8,3,6
11_78_p2_9efe31c2-a487-4bb6-a092-d0cce73190c4,2011,7-8,3,10
11_78_p2_106564a8-4d98-4737-8ec9-5b91fcec5c5d,2011,7-8,4,13
11_78_p3_ca676112-9255-4409-8a5b-056921c47607,2011,7-8,4,17
11_78_p3_59a3ae32-2afb-4773-b757-8401f55747e5,2011,7-8,5,21
11_78_p3_443a80f8-d7bb-496e-8815-da53382915c8,2011,7-8,5,23
11_78_p4_efd67d56-1364-45cd-8f45-f5b06a1f8423,2011,7-8,5,24
11_78_p4_b4e208e5-a2cb-4a9f-bb1c-ee4325fd4799,2011,7-8,5,28
11_78_p4_27d64df5-5536-4399-bffa-e8e34fa686be,2011,7-8,5,29
11_910_p1_21562d58-5850-4f71-99d0-00b7c1b34153,2011,9-10,3,3
11_910_p1_f05b4f40-022a-4b1e-8c76-9463e4257e5e,2011,9-10,3,5
11_910_p2_891b2b36-2045-44ec-bbe8-7cff92762a95,2011,9-10,3,7
11_910_p2_6554ca2e-d5a7-4ec3-961a-ca3fd364063d,2011,9-10,3,9
11_910_p2_7977a021-cd27-415c-9df4-221f2004c2b0,2011,9-10,4,11
11_910_p2_f9093097-33c0-4362-8640-fb0405f79a70,2011,9-10,4,12
11_910_p3_97ed3385-421a-494f-9190-198c0aef3850,2011,9-10,4,17
11_910_p3_479b6873-df7b-4cf0-aa34-de2a2ab8f5b6,2011,9-10,4,19
11_910_p3_e1ef2d4e-8bd9-4c06-99a6-6b2ce08ff31c,2011,9-10,5,21
12_1113_p1_a41f148f-3299-4208-8d37-00a27aa21f1d,2012,11-13,3,1
12_1113_p1_c6091aa4-f053-46ea-892b-5ca8b46c1fee,2012,11-13,3,6
12_1113_p2_95038673-5a8e-4282-b027-c39d80bc7fbd,2012,11-13,3,8
12_1113_p2_5faaebc1-0fa8-4234-83b0-cc5df33ffa98,2012,11-13,4,11
12_1113_p2_0cc566d7-f4da-4665-b15c-dc10db10989c,2012,11-13,4,13
12_1113_p2_ea7a2edc-ba25-4ea3-8edd-aefb74ffc4e1,2012,11-13,4,15
12_1113_p3_2c7efb2c-bc72-4f54-8adc-9618245f99df,2012,11-13,4,19
12_1113_p4_1b388569-98b1-428d-ba20-069ec9095441,2012,11-13,5,26
12_1113_p4_cc7a423c-9462-44f4-9a8e-c2b4492d491c,2012,11-13,5,28
12_34_p1_7c07e4e5-5b05-44ee-b3e4-ea4d75cc54f4,2012,3-4,3,3
12_34_p2_5b33382e-94ff-4a95-8f50-8640ef5a637e,2012,3-4,3,6
12_34_p2_11021413-1957-4f84-be1d-e0a0e325d2ca,2012,3-4,4,9
12_34_p3_1a15fe19-6bab-4237-afa7-620f548c6b5e,2012,3-4,4,12
12_34_p3_1d8302c8-edc1-4abe-b3d3-db34857300a3,2012,3-4,4,15
12_34_p4_a114b8ab-63db-412b-8ff9-2d9f89be4ec5,2012,3-4,5,21
12_56_p1_f5184942-3fc3-4535-a8a5-323b44bb6a39,2012,5-6,3,2
12_56_p1_78ad9deb-c121-4a45-9d8b-ea6b89f7cba6,2012,5-6,3,3
12_56_p2_8cecaa74-f2cc-4587-8f7d-390d5beb709f,2012,5-6,3,8
12_56_p2_a73651aa-f1a9-4582-a675-93e3862c8b88,2012,5-6,4,9
12_56_p3_055b2c9f-9cf9-4907-8591-618879b7273c,2012,5-6,4,14
12_56_p3_3ac4761f-532e-4678-9913-3c9700eab6b7,2012,5-6,4,15
12_56_p3_79cd71ea-12f0-4515-9732-c533c5ddbc9b,2012,5-6,5,17
12_56_p4_75dfb7c2-6bcf-4889-9ba0-0e287fa661c7,2012,5-6,5,24
12_78_p1_223a986b-1cf6-443a-99a5-ba4356ccfda4,2012,7-8,3,7
12_78_p3_bac41b1d-16fa-4c33-9ec3-6d6e03a5538e,2012,7-8,4,16
12_78_p3_67795324-54b6-4d0b-868c-350e546de6ea,2012,7-8,4,17
12_78_p3_cbb727bf-c5b0-4ce1-8326-cb1edd45df6a,2012,7-8,4,18
12_78_p3_7a49943b-f8d6-44ca-9f92-32279cf2dc3d,2012,7-8,4,20
12_78_p3_4b595c96-62cb-4fbe-9506-c5e7fe2eed8d,2012,7-8,5,21
12_78_p4_f114a34f-707b-464d-a9f0-a5d1244fb9d3,2012,7-8,5,24
12_78_p4_8482ab4c-f94d-4267-9fc3-9995cf1dd78b,2012,7-8,5,27
12_78_p4_488833bd-61f7-4235-8df1-95b79e1a7379,2012,7-8,5,29
12_910_p1_7816e0db-a6bb-4bd4-92c2-3dba14377687,2012,9-10,3,5
12_910_p1_78592b96-6dc9-4c9b-b452-fe80ade255cb,2012,9-10,3,7
12_910_p2_dffafce1-ee33-4a0f-ba62-6383d397aaf8,2012,9-10,4,16
12_910_p3_7b85c729-f1cf-4b9f-b0c6-a00cbb6a32b3,2012,9-10,4,20
12_910_p3_b18d687b-c641-4e94-a2b6-aa2bb638edeb,2012,9-10,5,23
12_910_p3_9bf759f4-d34b-4140-acf1-b65e60aab053,2012,9-10,5,24
12_910_p4_977c0bb6-7973-4bdf-867f-eb78dd15e741,2012,9-10,5,28
13_1113_p1_9ff4c818-840a-44a1-b902-89f7152b1f13,2013,11-13,3,2
13_1113_p1_9f7f4ee0-1885-4176-bed2-c31c60de43c9,2013,11-13,3,7
13_1113_p2_a6015252-2c77-4ac1-9177-3f3d675c62bc,2013,11-13,4,12
13_1113_p3_e6e08e5c-9d64-406b-9ae5-f4bb22a914df,2013,11-13,4,18
13_1113_p3_cf3286cc-369e-43f1-91ba-524effd81133,2013,11-13,4,20
13_1113_p4_d1735b6e-28be-4ed7-89c6-fabaee08e08d,2013,11-13,5,28
13_1113_p4_d933cc85-1526-4eb9-9c11-57e2ef1a3aa5,2013,11-13,5,30
13_34_p1_559fbd90-3598-476c-8b97-6a95d0d4f51c,2013,3-4,3,1
13_34_p1_8d08db24-2b2c-4dd0-a27a-12730aff461e,2013,3-4,3,2
13_34_p2_7688d304-009d-4474-9647-fdb9a3ca11fb,2013,3-4,3,7
13_34_p4_10079a4f-8244-4de1-92a3-3ea2580b4753,2013,3-4,5,20
13_34_p4_d145db0f-49ac-4054-aa7c-6ca62415b9cc,2013,3-4,5,21
13_34_p4_2613b37c-41c4-451c-af04-11d4a1e77458,2013,3-4,5,23
13_56_p1_51b7a0a0-8fc5-4633-9c3e-835b375cd060,2013,5-6,3,2
13_56_p1_e5b3e6a7-8b18-424e-947a-b64bfec53e2b,2013,5-6,3,4
13_56_p1_89b54339-6f73-48db-9da1-a78302bfa614,2013,5-6,3,5
13_56_p2_cfcf41a7-99bf-4797-be2b-6b2323041c1b,2013,5-6,3,8
13_56_p3_acd1cd5b-776d-4ac7-a4ed-08c6f911ceaf,2013,5-6,4,12
13_56_p3_c0e5b5b4-5c6b-41e7-a3d6-e5e90aa75b81,2013,5-6,4,15
13_56_p3_a66bbfc5-746c-43dd-9f93-6a963f91787a,2013,5-6,4,16
13_56_p3_000ba9ae-7f87-4146-a49f-1f65b93af4d0,2013,5-6,5,17
13_56_p4_a1ae7cc7-d90f-4705-a942-6f41e46785ce,2013,5-6,5,21
13_56_p4_04742432-5268-4e27-98fd-a5254ffaed12,2013,5-6,5,23
13_56_p4_a07de508-30d4-4622-b4c8-55398540cd07,2013,5-6,5,24
13_78_p1_97c3efd4-1afb-484b-9578-f6f5339b84ac,2013,7-8,3,3
13_78_p1_2827f293-8122-44c7-8eea-26a260a012d6,2013,7-8,3,6
13_78_p2_c858c49c-9b52-4ac2-a433-485d3ee782d7,2013,7-8,4,12
13_78_p3_07fc9aec-0613-4acb-be4b-dbebf00be78b,2013,7-8,4,16
13_78_p3_63a81bc3-8849-4397-b26f-c7af4c6ffbeb,2013,7-8,5,23
13_78_p4_74bccba8-134f-4630-9ecc-6811c0154d09,2013,7-8,5,26
13_78_p4_6d63fb8b-4ef0-42e9-a5f1-6dd32915a80b,2013,7-8,5,28
13_910_p1_3481ac49-72d3-4862-b177-908ebbfdd756,2013,9-10,3,1
13_910_p1_c6be9181-b2e2-4685-b180-bd95a3addc4d,2013,9-10,3,5
13_910_p2_02900c0a-e80e-4271-8fbf-2c85b2131535,2013,9-10,4,12
13_910_p2_1eda5245-c99f-4f97-96b8-9858981f2859,2013,9-10,4,15
13_910_p3_6a7939cb-3e93-40f8-8eef-5e98cf3af498,2013,9-10,4,16
13_910_p3_4f32d10b-91ef-4b65-9f5f-e292c3425c38,2013,9-10,4,18
13_910_p3_c03b8bcc-fbec-4ede-b584-837f92d367b4,2013,9-10,4,19
13_910_p4_833e8905-4bb9-4bac-b135-d424ec7f4695,2013,9-10,5,24
13_910_p4_5212e7e3-f0c3-44e1-907c-97d466124cf2,2013,9-10,5,26
14_1113_p1_d3fe11b9-c57b-494b-85fb-5cc902fa49bc,2014,11-13,3,1
14_1113_p1_8a7d1730-0a8c-4831-8849-29e57bd4267e,2014,11-13,3,4
14_1113_p2_d07f345e-dfde-45b7-8430-56087ba88331,2014,11-13,3,9
14_1113_p3_0c551524-cd0f-464a-abd8-090cb0093374,2014,11-13,4,15
14_1113_p3_ae83e8f2-25fc-4633-bd45-f5086bcc85bc,2014,11-13,4,19
14_1113_p3_a1c12a85-1265-40f4-9230-75f8a52bb782,2014,11-13,5,21
14_1113_p4_b793b4bc-0746-4f05-8fe9-c9d725e042b4,2014,11-13,5,25
14_1113_p4_96dfd626-2263-4d21-abfc-65ee67b0aebf,2014,11-13,5,27
14_1113_p4_9bfc6749-059a-4bc2-8fa1-ec34ac3ecd7d,2014,11-13,5,29
14_34_p1_27aa054f-8da8-451a-b904-9b02f68b7150,2014,3-4,3,4
14_34_p2_8df7c87c-4f19-4ba7-9f3e-5142a6dad7fd,2014,3-4,3,8
14_34_p2_33a7e8fd-6d7d-4d51-9521-91008a003e33,2014,3-4,4,11
14_34_p3_a851198d-73bd-4993-90af-5b37d5ec5a52,2014,3-4,4,14
14_34_p4_a39ec3cd-811c-41aa-b78e-034bffd9c12f,2014,3-4,5,20
14_34_p4_a6377dd4-7650-49bf-b62e-d811e80ab5fa,2014,3-4,5,22
14_34_p4_fc04f9bc-0b78-4337-baf1-a682820b6b76,2014,3-4,5,23
14_34_p4_db42ec57-8afd-419c-bb83-7f46c0edd795,2014,3-4,5,24
14_56_p1_c12fff66-4092-49f9-8364-b588ac7251d1,2014,5-6,3,1
14_56_p1_4ade219a-9b1d-4f6a-8431-a9dc34232646,2014,5-6,3,2
14_56_p2_5d01a0bd-6d0f-41af-b7d1-b7dd915a8a5e,2014,5-6,3,6
14_56_p2_2fda6410-79bf-4742-93b5-8fc8f5e0cb07,2014,5-6,3,8
14_56_p2_000741e2-9a1e-4350-9e2c-e877c5645510,2014,5-6,4,10
14_56_p3_3f7f78f0-5768-42b7-a027-114118da1294,2014,5-6,4,13
14_56_p4_eeaad0f8-8c65-42da-b628-d57164942a2b,2014,5-6,5,19
14_56_p4_6ef5fa06-ab06-4f65-a6de-d8429c6c5d1c,2014,5-6,5,23
14_78_p1_9fb82d82-4f9a-4810-a11d-e1b148fbe7e8,2014,7-8,3,2
14_78_p1_bcbceab4-f09f-4e8d-b1bc-418d5c0e9017,2014,7-8,3,3
14_78_p1_e2c413a7-6c83-4923-8815-47ced5b1a531,2014,7-8,3,5
14_78_p1_2d75eae2-c216-4087-aa05-7457c78347fc,2014,7-8,3,7
14_78_p2_2ef9fb88-f475-4233-82f6-e555ce4d7db4,2014,7-8,3,9
14_78_p2_34d06338-1dc9-4cd1-ab0d-c4de51dbd137,2014,7-8,4,11
14_78_p3_e37ee17a-2535-4794-b053-fdd319d21641,2014,7-8,4,17
14_78_p3_c08f1d30-ecb3-43d5-8919-b1da68e133a7,2014,7-8,4,20
14_78_p3_ec5fa758-739c-4491-a0f8-a4429bc77c98,2014,7-8,5,21
14_78_p4_00b994db-37d8-4b93-8ba3-c1d39556ac05,2014,7-8,5,24
14_78_p4_71f5c88c-ee38-4570-bc7a-dc2168bf90dd,2014,7-8,5,26
14_78_p4_9a3e1a31-f2a0-4473-bc5c-82bf1ba3bed1,2014,7-8,5,28
14_910_p1_b48d6505-6e15-4c19-bc12-0a257b649d94,2014,9-10,3,4
14_910_p1_cc911b49-17a5-4acb-981f-500ef0675ba1,2014,9-10,3,6
14_910_p2_aabf1eab-7895-461c-a2a2-85ca2cbb5fae,2014,9-10,3,8
14_910_p2_e845ab3f-38c5-4be4-9c7c-43c2a57a2634,2014,9-10,4,15
14_910_p3_82b84e00-e9a9-4cdd-a380-96d48ee6cb1d,2014,9-10,4,16
14_910_p3_f08a2a37-7854-4644-838e-02092e424729,2014,9-10,4,19
14_910_p3_b4291218-a734-4bb2-8f74-54da02a5039a,2014,9-10,5,21
14_910_p4_cc16b840-e914-4230-ab98-288b748e7435,2014,9-10,5,24
14_910_p4_7f298c93-25c5-4555-9850-51e420b4e325,2014,9-10,5,26
14_910_p4_e06062d3-afce-4ca0-8393-ca359df309ff,2014,9-10,5,30
15_1113_p1_5b3dd8a3-65d5-4e40-a674-be0f010dd160,2015,11-13,3,2
15_1113_p2_f673bf65-9569-4893-980b-a8dd82ea4bc7,2015,11-13,3,9
15_1113_p2_d98e6e25-dcb3-4b0e-8289-59de3133e2b8,2015,11-13,4,11
15_1113_p2_92ff261d-fc42-422a-9ece-dde662cce68e,2015,11-13,4,14
15_1113_p3_ecdaed0b-3d4a-42ad-9693-1141e77859c8,2015,11-13,4,16
15_1113_p3_0df4bbef-0567-47fc-8dbb-3ce16e234c24,2015,11-13,4,18
15_1113_p3_94d5dd19-5fa2-4887-924d-ebc4ddcf8f6e,2015,11-13,4,20
15_1113_p4_89c78c0b-1776-4b65-924d-9764e733779d,2015,11-13,5,25
15_1113_p4_496b1746-a40f-4e4d-aa71-ec69fe313b42,2015,11-13,5,27
15_34_p1_a9cc3b09-1be3-4e70-b639-5ce4f95beeaa,2015,3-4,3,1
15_34_p2_729ba9c0-810a-4b40-93e0-836fee7b3440,2015,3-4,3,6
15_34_p2_7599f022-df2b-4a01-86f6-3a41e207de31,2015,3-4,4,10
15_34_p3_36a570fc-ebde-49fb-b966-807f8bc67b5f,2015,3-4,4,13
15_34_p3_92be2f6d-a424-456f-974c-878f3eb2fdef,2015,3-4,5,18
15_34_p4_4834a30a-e94d-4eac-bd62-71aeb0c78db0,2015,3-4,5,20
15_34_p4_5d53d6cc-3fac-4508-a412-56090060cf54,2015,3-4,5,22
15_34_p4_89827bf6-3345-4ef6-bbb7-e291a82c595f,2015,3-4,5,23
15_56_p1_dbea659c-66af-48ad-9c51-c8e5e9256e5d,2015,5-6,3,2
15_56_p1_b0286b87-6dd9-4054-a54e-934094dbfb1f,2015,5-6,3,3
15_56_p2_96fda14a-4e38-42eb-80b1-a21be52f9369,2015,5-6,3,7
15_56_p2_48ab88d2-e550-45ef-8cba-737651cc2168,2015,5-6,4,9
15_56_p2_befcf006-a986-4810-b05e-6f0714ace9e6,2015,5-6,4,12
15_56_p3_755e7c3c-e00a-495e-92c6-d18e075c1340,2015,5-6,4,14
15_56_p3_280630d0-0a4f-4c70-ae0d-442aa2664266,2015,5-6,4,15
15_56_p3_36a659c3-23b3-432f-ab37-5f5d4f3622fe,2015,5-6,5,17
15_56_p3_741adf30-41b0-491d-9bd2-5d2d610a95f5,2015,5-6,5,18
15_56_p4_cc78ad0b-8cb5-4295-91e9-f46ecfbdd0fa,2015,5-6,5,20
15_56_p4_7ed2ea24-2331-4f06-8190-1bcc66a508e5,2015,5-6,5,22
15_78_p1_53910678-0f80-4896-b42f-e6f2e563b614,2015,7-8,3,6
15_78_p2_1ea58054-763f-40ec-be33-f0890c600651,2015,7-8,3,8
15_78_p2_1ce63344-7fb1-4a25-b7dc-faff440f492a,2015,7-8,4,13
15_78_p2_82f90bdb-2761-4f45-b9fd-acb595814dbc,2015,7-8,4,15
15_78_p3_3a5a41fa-51d3-43ee-8dd1-ea8f014e000f,2015,7-8,4,19
15_78_p3_1f8d7fc4-9cd5-4cb6-b4d0-bd1e645bcb1f,2015,7-8,5,21
15_78_p4_36142906-eb6d-4ab4-91b5-81b81e646d1c,2015,7-8,5,25
15_78_p4_97b293ba-7af3-4900-9015-5650e0d86fa3,2015,7-8,5,27
15_78_p4_afbbfda6-66c8-46e5-8b9c-fd947c217464,2015,7-8,5,29
15_910_p1_20725960-aa09-42eb-87a4-a9ddfe963309,2015,9-10,3,3
15_910_p1_e882c942-1f9a-489b-9339-b40cecbc24fb,2015,9-10,3,6
15_910_p2_81da515c-5b29-4a5f-8b3d-d445874a36df,2015,9-10,3,10
15_910_p2_ab36292b-6d08-49c5-a55f-692162a56006,2015,9-10,4,14
15_910_p3_55c56e37-fc71-4192-813c-983fd3b0ce97,2015,9-10,4,17
15_910_p3_fd7cae9d-123a-44b0-98f3-1b1b1daeff4c,2015,9-10,4,18
15_910_p3_5210514b-3c03-495a-ba98-e9b8f15d7caf,2015,9-10,4,20
15_910_p3_e0805778-2e43-46db-a622-1dba83370985,2015,9-10,5,21
15_910_p4_f827ce26-9cf8-4cdd-a153-5d412e21a403,2015,9-10,5,24
15_910_p4_a08d225a-afbd-461d-a8d9-d085b9abda1a,2015,9-10,5,26
15_910_p4_27d7e37a-8d21-419f-8d1b-460abc5af14f,2015,9-10,5,28
16_1113_p2_903a304e-566a-4aad-91af-9d351f43b163,2016,11-13,3,8
16_1113_p2_7718b1e5-b5b7-4f17-baf9-3b12b4641dbf,2016,11-13,3,10
16_1113_p2_a4615646-5129-4b38-9c4d-639c3d4f873b,2016,11-13,4,14
16_1113_p3_774ad774-5b42-4fba-80ae-d4a3c06f7110,2016,11-13,4,17
16_1113_p3_b1666c4b-da5d-4c9a-a79b-9e4d3c0ef109,2016,11-13,4,20
16_1113_p4_71590fbf-f063-4d20-81b4-84e93b0a541c,2016,11-13,5,23
16_1113_p4_f9aff172-3809-4d8e-b363-ad90f8b79d94,2016,11-13,5,25
16_1113_p4_9f6f2290-e626-4900-8b6d-0d6feff402e7,2016,11-13,5,26
16_1113_p4_f2b529ed-0446-41fc-a8dd-7b4298cddf72,2016,11-13,5,29
16_34_p1_36576251-313a-43be-a904-13c7add8700e,2016,3-4,3,1
16_34_p1_292174dd-e8e4-4633-b240-1eedc27153d4,2016,3-4,3,2
16_34_p2_0b9a68d2-c9d4-4ecc-838f-4a12a72b0d60,2016,3-4,3,6
16_34_p2_8c3fe267-6078-4874-a532-3880f421f067,2016,3-4,4,10
16_34_p2_74e8e8b6-bc05-4948-a152-838333ab45a6,2016,3-4,4,11
16_34_p3_cf016965-a56c-4c75-b13c-1c3ccaa27cd3,2016,3-4,4,12
16_34_p3_3ea9212b-fc21-44db-a2f9-1464bbfc1d8c,2016,3-4,4,13
16_34_p3_a12d84d9-d643-4a02-baf0-f1439ca91482,2016,3-4,4,14
16_34_p3_58c87067-3e49-45bc-8f15-5d1c2a966b1c,2016,3-4,4,16
16_34_p4_491f67a8-d23f-491d-a867-33bac50f8e34,2016,3-4,5,24
16_56_p1_98908a92-8160-4ddc-a17b-d981c3fe9a8e,2016,5-6,3,5
16_56_p2_64381a16-53fe-4955-8af5-6f23c54c12f5,2016,5-6,3,6
16_56_p2_9cb262f2-0176-4fe9-92f3-c705b52947ff,2016,5-6,3,8
16_56_p2_6a15e779-17a7-41ba-af8c-16eca5f8a2ed,2016,5-6,4,12
16_56_p3_2b14dbea-23bf-4c4f-837f-fca73c365d20,2016,5-6,4,14
16_56_p4_dd364845-d66e-4c4b-951a-cef1aced57b9,2016,5-6,5,19
16_78_p1_68080636-004a-48b4-88e6-382b6a309a13,2016,7-8,3,7
16_78_p2_879347b4-c228-4a10-b3bf-5ec7aa6b473e,2016,7-8,3,8
16_78_p2_01a38676-b22e-4d66-be14-bb08766daaae,2016,7-8,4,15
16_78_p3_e72fe760-a8b3-4172-b17a-f39d24f6db9d,2016,7-8,4,16
16_78_p3_8d2a5b15-2f77-4f63-9743-780a89b74c74,2016,7-8,4,18
16_78_p3_9f595957-a173-483a-8872-a6937d110931,2016,7-8,4,20
16_78_p4_7cbafdcb-0303-4a37-ab46-06eda4decedf,2016,7-8,5,24
16_78_p4_b82e5cd8-9503-49f3-91c5-beddb21bfc7f,2016,7-8,5,26
16_78_p4_4c2271cd-ece6-4992-8578-d487f5938c2f,2016,7-8,5,27
16_78_p4_5a6adfc1-b590-45cf-8994-ca01430ed6c8,2016,7-8,5,29
16_910_p2_b1886e29-0502-4848-8c1d-abd917ea7f6b,2016,9-10,3,9
16_910_p2_ddc9735a-bccd-4649-9621-a2203a83a0df,2016,9-10,4,14
16_910_p2_021aaaea-322c-4628-b0ae-5278873f26ff,2016,9-10,4,15
16_910_p3_0106bda0-792e-41ac-92ff-9631fcb6bb5b,2016,9-10,4,17
16_910_p3_cd14f45c-52af-4211-9ef5-3d80529c468f,2016,9-10,4,19
16_910_p3_8f9e41e6-e9c3-4673-932f-91c3251e5cd8,2016,9-10,5,21
16_910_p4_f8bf8b7b-fe82-44ec-86b9-6d91291f015c,2016,9-10,5,25
16_910_p4_ed6ba2fa-2f45-47d1-be6e-74ec2694cfc8,2016,9-10,5,27
16_910_p4_c3a14705-03cf-4310-90c9-3953086a88dc,2016,9-10,5,28
17_1113_p1_3914b097-ac33-4d47-9cd6-054c08011dee,2017,11-13,3,4
17_1113_p1_776572c9-d93f-46f1-93e5-221f17ce5697,2017,11-13,3,7
17_1113_p2_9d29f43c-364e-474c-9179-b994f0c0d231,2017,11-13,4,12
17_1113_p2_cdcf611f-2cda-4321-bf01-fdccad91c270,2017,11-13,4,14
17_1113_p3_0ce55e80-5ee3-4e86-b628-ffbaa23974e1,2017,11-13,4,15
17_1113_p3_565f443c-cac1-4296-be51-8e02f1ef374f,2017,11-13,4,17
17_1113_p3_0fcfb3e8-66d6-4512-b089-3593dc8a4adb,2017,11-13,4,19
17_1113_p3_a19fadf2-020e-4ad6-9a57-646304f0efbb,2017,11-13,5,21
17_1113_p4_3c9f678e-fc5a-4f9c-ac3c-ce2b6190cff6,2017,11-13,5,24
17_1113_p4_cd67a30b-04c1-48b5-afea-907eb71e2b05,2017,11-13,5,29
17_34_p1_2fcdffd8-efd0-4629-bc17-ebd7cb9af930,2017,3-4,3,2
17_34_p1_ff490982-c3aa-4f6a-8347-5f8373f64712,2017,3-4,3,3
17_34_p2_94a5e846-f5e9-4aff-998c-b57752ded15a,2017,3-4,3,8
17_34_p3_33421163-caa9-4880-b39b-cb91721d1654,2017,3-4,4,14
17_34_p3_60bb6df1-8dab-4fa5-9fda-02d36f740125,2017,3-4,4,15
17_34_p3_3b77aca0-1afe-47e7-929b-d5987581b4f0,2017,3-4,4,16
17_34_p3_3b7b4e99-2e9f-4a64-99a9-b06dcac91a76,2017,3-4,5,17
17_34_p4_53fd4c99-4a27-4386-8729-c97f79bcc5c8,2017,3-4,5,18
17_56_p1_372cb2a0-3859-414c-9fc4-9f6956232daf,2017,5-6,3,4
17_56_p2_0bf2ac39-3698-43de-8843-c00bd875ee80,2017,5-6,4,9
17_56_p2_5f82bbeb-0255-4f27-b62f-c948f82b8f91,2017,5-6,4,11
17_56_p3_13b2da65-1c12-4e8c-89d1-010f82387f39,2017,5-6,4,15
17_56_p3_1a9034ca-5a55-430f-9273-82922ad13b9b,2017,5-6,5,17
17_56_p3_2b9b5196-549d-4584-93de-c02b8a213c28,2017,5-6,5,18
17_56_p4_84f87a06-0210-4b61-82cc-fb4ba4dba4a5,2017,5-6,5,21
17_56_p4_04c6ac98-9014-498e-97ca-2608418b70d0,2017,5-6,5,23
17_56_p4_2de6589a-090c-4653-adf2-3dfedf11ce2b,2017,5-6,5,24
17_78_p1_6bc001c4-f20a-4439-89c1-7f9562b8a9b5,2017,7-8,3,3
17_78_p1_0a1915b6-8b0b-44e7-9a00-fe3ef8714990,2017,7-8,3,5
17_78_p2_1a2af057-1413-43f5-aded-cb736146bc48,2017,7-8,3,8
17_78_p2_c593d23a-5843-4517-985c-c5a3f4387746,2017,7-8,4,11
17_78_p2_98b04022-5b94-4168-bede-39d0de01b4f2,2017,7-8,4,12
17_78_p2_a7be998c-eacb-4c05-9306-d166b56c2170,2017,7-8,4,14
17_78_p3_8ea2bdb5-da5e-4997-a805-bb4670a23c1b,2017,7-8,4,16
17_78_p3_f5041d7d-1232-4aeb-8769-74a467acf714,2017,7-8,4,18
17_78_p3_1d012f15-d9f7-41ba-8cc5-255851ac798a,2017,7-8,4,20
17_78_p4_43249dce-95ba-4d37-90e7-2735fec4f78f,2017,7-8,5,24
17_78_p4_d8d5a78c-f8db-4594-8da6-1966875468d4,2017,7-8,5,27
17_78_p4_d821d81e-e6da-48ee-898a-63aa0b0392fb,2017,7-8,5,29
17_78_p4_2029db32-97cc-4f0b-a356-8d3645dbe0d6,2017,7-8,5,30
17_910_p1_217014db-ab9c-4aaa-94f5-3ef0a995cdc6,2017,9-10,3,1
17_910_p1_d4f1b621-9f8b-470c-88e7-e324697927a7,2017,9-10,3,4
17_910_p2_1b4214a7-3896-4f3f-8eb1-b237dddeccf5,2017,9-10,3,7
17_910_p2_7be10eef-b9ac-4516-ac25-41610843491b,2017,9-10,4,12
17_910_p2_5683b576-6d29-42e2-8605-97fbc643ee51,2017,9-10,4,13
17_910_p3_cb9b8087-9ee9-42e7-a67b-776c2cbf2869,2017,9-10,4,16
17_910_p3_eafb37fe-6fd1-4de5-beca-4e8e850cd1f9,2017,9-10,4,18
17_910_p3_96666d7e-c3a6-4a67-bbaf-0e14bdd89e42,2017,9-10,5,23
17_910_p4_8c06cc20-847d-4754-bddb-c8964a36b033,2017,9-10,5,25
17_910_p4_cb60d7af-ec5e-4a00-9d4c-5aac530c58e0,2017,9-10,5,27
17_910_p4_31b6f7d1-4638-4a76-8b0c-28342c9b561c,2017,9-10,5,28
17_910_p4_4c840609-636e-42d8-a11d-d4ec47a60b3e,2017,9-10,5,29
18_1113_p1_698b7bc1-8247-4f70-ad94-af9abec6105e,2018,11-13,3,4
18_1113_p1_854a6bda-fcfb-49b7-98c3-29d9a849b947,2018,11-13,3,7
18_1113_p2_24c5200c-e07b-4ee5-a4c5-b189f9df89cc,2018,11-13,4,13
18_1113_p2_17c5f2dd-c9c9-442e-a5bb-773e1ed77b16,2018,11-13,4,15
18_1113_p3_9f187f41-dd25-41be-b7da-64fe9741f753,2018,11-13,4,16
18_1113_p3_2058bd7e-3efa-406f-84d7-afddbf228b57,2018,11-13,4,17
18_1113_p3_23655049-77b8-4935-9ee5-8830cabc6251,2018,11-13,5,21
18_1113_p3_cdb399cf-e934-4cc3-85ed-6e880f0ab479,2018,11-13,5,22
18_1113_p4_0feb4c89-73e1-4502-8dd1-4de702a60eb1,2018,11-13,5,26
18_34_p1_7f96aea6-cd5a-48fe-88fa-f980b9fffa7d,2018,3-4,3,1
18_34_p1_e35b7a51-c65a-4401-9ea2-7b3e68ba33bd,2018,3-4,3,2
18_34_p1_1875f5a5-31ec-4e2e-88b4-216b258776ee,2018,3-4,3,4
18_34_p2_e3bd8532-80c1-47da-8c6b-d5b714c0e74e,2018,3-4,3,8
18_34_p2_b197442b-604f-4781-a268-bf673047bd9e,2018,3-4,4,9
18_34_p3_8f2038f3-119b-4a2d-8797-3da61a64e1c7,2018,3-4,4,13
18_34_p3_d77738b0-b02c-4c34-b932-b9e26c6ee6ff,2018,3-4,4,15
18_34_p3_f07f04ca-cad5-41d0-afbc-71ff2c84d203,2018,3-4,5,17
18_34_p3_52d3371e-9d50-4fce-92d3-4dcab279660f,2018,3-4,5,18
18_34_p4_dadec95d-29f7-419f-9f8f-d272212f7bbc,2018,3-4,5,21
18_34_p4_458a4c29-2e17-409a-992a-271b1850d2ff,2018,3-4,5,24
18_56_p1_ee6aadfa-43aa-497c-a1de-018941a7d644,2018,5-6,3,4
18_56_p2_0574b4b2-f7f0-4a0e-8b66-6782597e45a9,2018,5-6,3,6
18_56_p2_0c36cb28-76bb-4e0a-b63f-924d271b6b02,2018,5-6,3,7
18_56_p2_c20f78fa-f3ed-4fe9-b615-50041aaf1353,2018,5-6,3,8
18_56_p2_0c00c5d4-a558-4dce-a532-35e23f3395a2,2018,5-6,4,10
18_56_p3_04899a0d-0348-4558-9766-47c612005a4f,2018,5-6,4,12
18_56_p3_f05d51bc-04e4-4158-b7ec-3fcad2038d97,2018,5-6,4,15
18_56_p3_3f8edc73-24e5-43b1-9f00-4acc4fe8eb35,2018,5-6,5,18
18_56_p4_87e23f96-113b-41b2-9ae0-9d1ace8d6e4a,2018,5-6,5,20
18_56_p4_7de5e59b-0c82-4440-86a9-40f11628df69,2018,5-6,5,24
18_78_p1_4f4979bc-e3be-4bce-b38b-c9f9b7a8662e,2018,7-8,3,4
18_78_p1_1b560af7-e4d7-4501-9f44-86bc20ad9a10,2018,7-8,3,6
18_78_p2_c562ee84-20da-4246-86bd-5aea499d772b,2018,7-8,3,10
18_78_p2_5678ceaf-c470-4117-b590-f4c610f3026a,2018,7-8,4,11
18_78_p2_8dd10cac-b568-4e1c-9f8c-73b8b8d0c894,2018,7-8,4,13
18_78_p2_aeda691e-e03c-4bab-b5fa-8a64708fe249,2018,7-8,4,15
18_78_p2_ef45c84a-79bb-4751-9217-60207c42826e,2018,7-8,4,16
18_78_p3_cccbdf51-6b98-46a6-9251-6200bd06b0a7,2018,7-8,4,18
18_78_p3_b38bea41-80b3-481e-b543-676d2ab2eff0,2018,7-8,4,19
18_78_p3_b174ff6f-d4aa-40e0-8e95-098f6e5cc495,2018,7-8,5,21
18_78_p3_489313fb-c985-463c-b923-2e1088cc6c5f,2018,7-8,5,22
18_78_p3_5eecedfb-d57f-440e-8d08-d2d0a177af87,2018,7-8,5,23
18_78_p4_4f8d3fb9-3755-4a77-8281-ee5f0b2a15c2,2018,7-8,5,25
18_78_p4_e69e1eb0-4a6b-4c3a-97df-5e5b51676d29,2018,7-8,5,28
18_78_p4_f2ae7f3d-4215-4ef8-99e2-4a958a95100e,2018,7-8,5,30
18_910_p1_65bad5cb-4873-424e-b1a1-5949f7d0aa11,2018,9-10,3,2
18_910_p1_d2f4d9bd-6f42-46ca-92b3-714c63537c10,2018,9-10,3,7
18_910_p2_c6174caa-b05c-49fe-ab7a-61586abaae40,2018,9-10,3,9
18_910_p2_a7e6e224-295e-437b-9b35-b7fb58ca5994,2018,9-10,4,12
18_910_p2_40f907f2-5626-4d90-afb8-4200a525304e,2018,9-10,4,14
18_910_p3_304714d5-6a9c-433e-bc5c-da6b0c9e4358,2018,9-10,4,16
18_910_p3_1276d67c-7ab0-4d5a-b521-64efa94e82b0,2018,9-10,4,20
18_910_p4_d2d58b9f-9d97-4f1e-ab24-097ef29eca94,2018,9-10,5,24
18_910_p4_d2c4ce31-91aa-436a-b0f9-a652a188ea86,2018,9-10,5,28
19_1113_p1_73c08b64-2707-4c4b-98e7-d4d99db45a59,2019,11-13,3,1
19_1113_p1_39244f83-a248-4429-ab00-498690f77eed,2019,11-13,3,4
19_1113_p1_3d49e86e-3a2d-49d9-8fb3-8cf3df7d6823,2019,11-13,3,7
19_1113_p2_840d2b2b-3ec8-43c6-bf47-aea58d85006a,2019,11-13,4,12
19_1113_p3_19e90a91-bdd7-4299-8d6a-ea8050e39cb1,2019,11-13,4,15
19_1113_p3_6cbc2f67-555d-405a-981b-c9e09228e356,2019,11-13,4,17
19_1113_p3_60851bb4-0984-4edb-83cb-e4183094334b,2019,11-13,5,21
19_1113_p4_39921a50-abd2-4479-9f4d-6108fd206906,2019,11-13,5,25
19_1113_p4_026b9c8d-42a7-46a0-bb5a-8de2d5be768b,2019,11-13,5,28
19_34_p1_c8b0264f-ac01-41ef-847b-268834e3ae5e,2019,3-4,3,2
19_34_p1_972fde50-b7a6-4cf8-87e2-5440736bd178,2019,3-4,3,5
19_34_p2_d553b624-316d-490c-805b-59d89502e33c,2019,3-4,4,10
19_34_p2_727fe14d-35ab-4c0c-8766-3912b5aa9a77,2019,3-4,4,12
19_34_p3_83c940b4-6ae4-40cb-8fed-2b6f3e1be1cd,2019,3-4,4,13
19_34_p3_c1da77d5-cbfb-4302-8451-abe70ee667b6,2019,3-4,4,16
19_34_p3_55d085cd-29ca-4c11-b5d9-314e370b8ce2,2019,3-4,5,17
19_34_p4_e528e840-daae-447d-baf4-013ac2b818ff,2019,3-4,5,19
19_34_p4_7833f5ae-38c4-4a5c-a684-4449b41c4eff,2019,3-4,5,20
19_34_p4_44734f52-1631-45ee-aa36-6a5ab553207f,2019,3-4,5,22
19_34_p4_5ebf7187-8b77-4f35-8b0a-f93d5e8e5656,2019,3-4,5,23
19_34_p4_bbd2c3d3-1581-4e94-a729-715d9eae2bf3,2019,3-4,5,24
19_56_p2_e454e4be-9fd2-4154-b27c-d1cbd14019aa,2019,5-6,4,9
19_56_p2_2027ffc2-eb4b-44da-a1d4-9ccecd2ac91c,2019,5-6,4,10
19_56_p3_4659d78a-590a-4628-97c8-9e121050425d,2019,5-6,4,14
19_56_p3_3dd8a5a1-39ff-4429-844a-bc1e759ac1b5,2019,5-6,4,16
19_56_p3_0dc3da41-468c-4ef0-8ff4-92a0bd3a7c4d,2019,5-6,5,17
19_56_p4_8a6bbf39-35c5-40d0-ab01-5f964915cc37,2019,5-6,5,18
19_56_p4_746eaa07-9e82-4c7a-bfee-58f75843524d,2019,5-6,5,21
19_78_p1_5d14ed8e-8cdd-4411-9f62-28538e540ae4,2019,7-8,3,6
19_78_p2_0a7e9292-bb30-45f1-859f-c7943a4635d1,2019,7-8,3,10
19_78_p2_e5f5749e-71bf-40c3-98d1-6f064009deec,2019,7-8,4,11
19_78_p2_be90c590-93a5-4712-98df-d88a81bbbfc1,2019,7-8,4,15
19_78_p3_9cb660fb-bc73-449f-81db-d855d2cef051,2019,7-8,4,16
19_78_p3_410e9ec2-3fbd-45f2-9c64-1589cff064b7,2019,7-8,4,18
19_78_p3_4a0fcbeb-5b3b-447f-95f3-55564b9638a9,2019,7-8,4,20
19_78_p4_6922f5b8-1aa7-473c-95c6-de8f6fc7963a,2019,7-8,5,23
19_78_p4_2d4aa4a2-d9ef-45f5-99e5-36b971e93cab,2019,7-8,5,25
19_78_p4_904402e5-37eb-4bd5-a70a-c2fdcce910f8,2019,7-8,5,27
19_910_p2_fa27cb13-dc03-4310-bdfa-f252b242e024,2019,9-10,3,8
19_910_p2_1f09cbd8-15e4-4df7-9f09-099ecbdaed13,2019,9-10,3,10
19_910_p2_469b28fc-960b-491c-80a3-0a52f6a8267a,2019,9-10,4,13
19_910_p2_e0e2e22e-5d1b-49e9-b307-1589d1f19057,2019,9-10,4,15
19_910_p3_7573a2c7-2b07-4bc6-899b-6b0743c18c65,2019,9-10,4,16
19_910_p3_836f4d91-6b03-4be6-ac13-adc7bfce8893,2019,9-10,4,19
19_910_p4_f8966518-f887-4f19-b98b-9594070fc96d,2019,9-10,5,24
19_910_p4_5c96037f-109c-4052-993a-41c634fd73a2,2019,9-10,5,25
19_910_p4_2eff80fd-f08b-459b-a4ff-70e613788c69,2019,9-10,5,29
20_1113_p1_8837d7bc-08c8-423c-b299-0cd45b2a5358,2020,11-13,3,4
20_1113_p1_df5d6be0-3bc8-4ab9-aaea-a49450b52f65,2020,11-13,3,5
20_1113_p2_4119f1d8-8683-4ebb-99a1-f4bd78f5713c,2020,11-13,3,8
20_1113_p2_6494e741-9976-4fee-a613-a7e63c857cce,2020,11-13,4,12
20_1113_p2_929bd9be-c614-428e-8208-bb58ab69ee67,2020,11-13,4,13
20_1113_p2_1291e444-896c-44cd-b8be-6ab3d286da50,2020,11-13,4,14
20_1113_p3_7541b379-3ec1-4e89-b634-8a142457c688,2020,11-13,4,18
20_1113_p3_ed68af52-6061-4e07-a046-8d8f0845e515,2020,11-13,4,20
20_1113_p3_f4488684-343e-4624-a28c-9f93afcee36e,2020,11-13,5,21
20_1113_p3_ba334f2f-a260-4ffe-906b-2f125258e72a,2020,11-13,5,23
20_1113_p4_a5a009ea-f1af-4762-902c-9a4fb2f73f6d,2020,11-13,5,24
20_1113_p4_8415448b-09f4-4264-97a2-f830c9ea5182,2020,11-13,5,26
20_1113_p4_48054146-1578-49b3-8773-a2de6f5d869f,2020,11-13,5,28
20_34_p2_9d17549c-a2cd-4f98-b70d-f4f7b4a90733,2020,3-4,3,8
20_34_p2_a15ad85f-d816-4fad-ba5b-022a5989fa1c,2020,3-4,4,9
20_34_p3_1bfd8ef4-3c0f-4e75-bba7-65444b9ec7d2,2020,3-4,4,14
20_34_p3_40b910dc-87ce-41fe-a5fd-8dda1152976a,2020,3-4,4,16
20_34_p3_ec1ebb69-a9a6-44a4-ad9a-6af99a253089,2020,3-4,5,17
20_34_p4_291ca865-bdae-4a60-8511-28e8ded4bd7b,2020,3-4,5,19
20_34_p4_51b95e28-67d4-4310-8b59-014e57c7d141,2020,3-4,5,24
20_56_p1_291efa13-e723-4264-bf3a-da55adcf8ba3,2020,5-6,3,4
20_56_p1_aade33a8-e8f2-4fcb-8ffb-de5912fc8380,2020,5-6,3,5
20_56_p2_ec2224b6-3071-4207-9849-a0147b1f2ae4,2020,5-6,3,6
20_56_p2_04975d09-2457-42ff-8dc3-7ce9b5537523,2020,5-6,4,11
20_56_p3_6ffb478b-3b41-4b52-ab3e-7d6261762475,2020,5-6,4,15
20_56_p3_401bb7ae-c2ac-4781-9b59-55397ba7d5d9,2020,5-6,4,16
20_56_p3_1145d12c-d3bb-4c0b-929d-3ed90250b57a,2020,5-6,5,17
20_56_p4_9ea4980a-b9c3-4e7e-85fc-d8f697ccdd10,2020,5-6,5,21
20_56_p4_2e736f10-203c-4692-984c-94fac909c62b,2020,5-6,5,23
20_78_p1_41dc6900-3a7d-44f3-8467-ecbdb96022d6,2020,7-8,3,5
20_78_p1_3e04fe96-52bc-40fc-b4ae-9b1e4caf6498,2020,7-8,3,7
20_78_p2_89f8b879-9f7b-480c-8088-4bdbcd02950c,2020,7-8,3,9
20_78_p2_d3de132e-ea17-4480-9909-69ee4931f6ec,2020,7-8,4,15
20_78_p3_10334efc-b6f7-4f09-9dd8-4cf3e6d50cd9,2020,7-8,4,17
20_78_p3_ead27335-d945-44dd-878d-9e58948a056f,2020,7-8,4,18
20_78_p3_315f530a-eb50-409a-ab0e-4cbc176e38fa,2020,7-8,4,19
20_78_p3_15a40ac4-e2a5-4aa6-8c46-90a785ebc6a2,2020,7-8,4,20
20_78_p3_f661268f-8be3-4ad1-bbf7-f8cf15d45059,2020,7-8,5,22
20_78_p4_ae27b6e0-0008-4903-8af3-de51c363f083,2020,7-8,5,25
20_78_p4_f2b1e9b2-8be7-4ed0-9541-b3bce478af03,2020,7-8,5,26
20_910_p1_9cf41e75-8a45-4bec-8c72-de0ec1c21936,2020,9-10,3,2
20_910_p1_b7f54cb6-9656-4d8c-8f52-859b66b1d3c2,2020,9-10,3,4
20_910_p1_58d3f270-2dc1-407a-898c-a3b86e076fa5,2020,9-10,3,6
20_910_p2_3a892856-97bb-4d8f-885f-d8057b8d1174,2020,9-10,3,7
20_910_p2_38a630fc-c001-4cfc-817d-3388400de86f,2020,9-10,3,9
20_910_p2_6ff68c52-2012-4709-828d-36b430094ad2,2020,9-10,3,10
20_910_p2_0f2c7a40-1553-4774-9a66-b0bdfae22a38,2020,9-10,4,11
20_910_p2_aebebf32-557f-47db-9c88-4b3fe82ceb4b,2020,9-10,4,14
20_910_p3_dbc2d697-7f1d-431e-bc18-638cd15bb322,2020,9-10,4,17
20_910_p3_58b3e934-ce99-4557-859f-7a1d5bd4f054,2020,9-10,4,20
20_910_p3_7080a82b-8b7b-47d4-82bc-f89eb28b5c0e,2020,9-10,5,23
20_910_p4_73794269-1954-45c1-928a-40135d0b7f95,2020,9-10,5,27
20_910_p4_59b83365-c0ab-4954-84de-9219733a3971,2020,9-10,5,29
21_1113_p1_92e0f067-beec-42da-b433-c6becbac0d41,2021,11-13,3,2
21_1113_p1_b894a85d-4653-4b80-b40c-03ebf4a51a9d,2021,11-13,3,7
21_1113_p3_293fb38b-624a-4130-bd9c-2ecad950a336,2021,11-13,4,17
21_1113_p3_a45206a4-6d53-4e07-87b2-0821f610d8be,2021,11-13,4,18
21_1113_p3_0f90e8fe-ac47-4ef0-87e3-1158b3dae77e,2021,11-13,4,20
21_1113_p3_0bdc1f43-14e8-4225-93a6-8e59926ab58a,2021,11-13,5,22
21_1113_p3_059b398c-05c1-478f-9b34-71c84b36988a,2021,11-13,5,23
21_1113_p4_b9f2fff5-a300-4f45-82b1-4d86db4d2d28,2021,11-13,5,24
21_1113_p4_fc2b93fe-88f4-4107-ad2c-44a0bc177ac1,2021,11-13,5,26
21_1113_p4_2a4c7932-719b-4c90-a36e-c767eea26c88,2021,11-13,5,27
21_1113_p4_38a20550-f25c-4d2a-8178-8a821f0e032c,2021,11-13,5,28
21_1113_p4_0a6f793f-1984-401b-8c06-2c71458408be,2021,11-13,5,30
21_34_p1_7c4706b0-7754-4967-bda8-6ae072e8c5c4,2021,3-4,3,3
21_34_p1_bf9ad19e-c679-44e9-9c23-a50c4422379b,2021,3-4,3,4
21_34_p2_24f06617-559e-46c6-927e-6eb614bd345f,2021,3-4,3,7
21_34_p2_88f7a75a-aec9-4a56-84f1-60c24a927c1b,2021,3-4,3,8
21_34_p2_34dc0d12-cbee-4679-8ee4-4154fd63f8fe,2021,3-4,4,9
21_34_p2_374031ad-4ce6-4789-9e6e-0342e9c42008,2021,3-4,4,12
21_34_p3_8f405d87-7db6-4827-b25c-6d1288bceb83,2021,3-4,4,14
21_34_p3_51247c4a-0dd4-4511-80ef-6c820c5e8228,2021,3-4,5,17
21_34_p4_36ab0af3-f2a4-4402-b812-0130f8cc09ad,2021,3-4,5,19
21_34_p4_68eb0f53-a931-44f1-859e-a6d2d53a7dba,2021,3-4,5,22
21_56_p1_48357d39-87dd-42c8-8270-96a64d9d256f,2021,5-6,3,2
21_56_p1_7b9a27b1-3924-45c0-8720-eef629f1f798,2021,5-6,3,3
21_56_p1_51896667-3c36-4255-bceb-24abc117fea0,2021,5-6,3,4
21_56_p2_be1e1afc-a1e2-40b2-8de2-2bfd02f62368,2021,5-6,3,7
21_56_p2_1ead3faf-2bec-49cb-aa4a-88a38b01f3ae,2021,5-6,4,10
21_56_p2_8130adc8-5213-4903-abaf-81aa9266c011,2021,5-6,4,11
21_56_p3_2d6c4e51-8a2f-4071-bc26-08a9fb759dc4,2021,5-6,4,14
21_56_p4_222c7655-35e5-495d-9e96-e10439a4b0f1,2021,5-6,5,19
21_56_p4_de28633e-c181-4240-9a0c-3dd44138a142,2021,5-6,5,22
21_56_p4_c68242c4-b4ae-4a49-ac76-3d3b9a2fbd81,2021,5-6,5,24
21_78_p1_8ab524da-5431-4526-97a6-fb3954e3beac,2021,7-8,3,4
21_78_p1_8c2147a0-7863-49f9-86ee-1ea3f9f3e569,2021,7-8,3,6
21_78_p2_915ec4c2-a524-4643-b646-13eb09d31322,2021,7-8,3,10
21_78_p2_09ae4f19-ad8d-4359-8d20-f701e729116e,2021,7-8,4,14
21_78_p2_4f2cfb94-30ad-4e60-99e3-3ba25731825a,2021,7-8,4,15
21_78_p3_8e4c3413-3b0d-4e5e-b2de-4a67cf170091,2021,7-8,4,16
21_78_p3_677d8743-42cf-44ad-b4e3-29ca9dfd2329,2021,7-8,4,18
21_78_p3_6626de91-43b9-4139-928f-d8bff0d56288,2021,7-8,4,20
21_78_p3_2e808673-758d-40fa-aedf-61141d36c4cb,2021,7-8,5,21
21_78_p4_b0fffe4c-fd8c-4a09-954b-83bda5c610ad,2021,7-8,5,26
21_78_p4_8bbbe6a2-0151-4a6e-91be-fa8c937278cf,2021,7-8,5,28
21_78_p4_275416f4-eb16-4616-897a-9683b9709fed,2021,7-8,5,29
21_78_p4_884de92f-0027-4bc9-9b35-764fa302ecf6,2021,7-8,5,30
21_910_p1_231d805c-383c-4f9d-806c-ff7c2197dd8e,2021,9-10,3,3
21_910_p1_ccd0e71c-bab8-44e3-8477-e387d7bbc7d8,2021,9-10,3,4
21_910_p1_ac2ee2d0-dcc1-4436-a740-5889968148db,2021,9-10,3,6
21_910_p2_af9a19c4-0672-4de1-af57-a59e27992797,2021,9-10,3,8
21_910_p2_cbae0bc9-a9d9-4e05-b671-3c19dca073ea,2021,9-10,4,12
21_910_p2_9d5c09ca-1475-457e-b66f-2f0b22fa96e2,2021,9-10,4,13
21_910_p3_546598a9-732e-4e7b-84d5-dc3a6b85c9bd,2021,9-10,4,15
21_910_p3_15418b41-bdf3-419e-95d3-4c8cd38ef689,2021,9-10,4,17
21_910_p3_643470c9-4905-4077-b2fc-ad1a2b8c926d,2021,9-10,4,19
21_910_p3_5a27db09-908d-4452-a19b-d27cb5954265,2021,9-10,4,20
21_910_p3_74cda6c3-8959-4151-adaf-a03ccff58aba,2021,9-10,5,21
21_910_p4_53a6629d-ce52-450c-bbac-850dd5d68a80,2021,9-10,5,24
21_910_p4_b0c88155-f846-4f95-a13a-35b509be3799,2021,9-10,5,30
22_1113_p1_2ca159a6-4cde-4238-9d58-d7a5684cd09f,2022,11-13,3,5
22_1113_p1_35f2af6d-47df-455e-b807-77ccdd225a03,2022,11-13,3,6
22_1113_p1_d6fa5ffa-f440-4d8c-a3f8-b0e2fbf55252,2022,11-13,3,7
22_1113_p2_7c1308e9-e154-4f75-8dd5-59f8e70871f5,2022,11-13,3,9
22_1113_p2_992193ff-0f43-4a75-90c6-6c3908e02da6,2022,11-13,4,11
22_1113_p2_798c5aa7-e527-4c6c-8693-c16715d249d9,2022,11-13,4,12
22_1113_p2_217f8518-9d74-4632-b3f8-1d28bb66b0b0,2022,11-13,4,14
22_1113_p2_5c3fd360-7e97-4529-b886-9b5227164f51,2022,11-13,4,16
22_1113_p3_f79a5774-7b7d-4c06-8d0d-42c97f7fda5e,2022,11-13,5,21
22_1113_p4_27d52196-611f-425d-9729-383e0d0c2dd9,2022,11-13,5,23
22_1113_p4_97a599e0-c7ad-4f59-8677-1c1a6073ec35,2022,11-13,5,24
22_1113_p4_e615cd5b-4d0a-42dd-bf7d-3753a7dba4a4,2022,11-13,5,26
22_1113_p4_e4fb4f3c-b461-447c-b89c-357d86599411,2022,11-13,5,28
22_34_p1_6e615562-54fd-4858-84f0-828001518017,2022,3-4,3,1
22_34_p1_f70e1786-84bf-4f50-b3f3-2a18313479b0,2022,3-4,3,3
22_34_p1_92974dd0-7bd3-4c7f-a8b7-accf624d7b86,2022,3-4,3,4
22_34_p2_729e1b94-baa4-42c9-bcb8-143553a5ad67,2022,3-4,3,7
22_34_p2_008904d5-95ec-4588-9706-0dfa1bd18796,2022,3-4,4,9
22_34_p3_fa98915a-647d-4fef-b1b5-233dbd81ba20,2022,3-4,4,14
22_34_p3_ea1c217d-8b8a-48c2-a2b2-66e4e8e263cf,2022,3-4,5,17
22_34_p4_493fd797-4da6-4646-93fb-32583f1da142,2022,3-4,5,19
22_34_p4_f3bf611e-b6b7-487f-94c8-3279ec03842e,2022,3-4,5,21
22_34_p4_baf5e96a-690b-4571-952b-c58af9a27373,2022,3-4,5,22
22_34_p4_116c74ca-e3ef-4758-9ab2-ce740bc1e9c4,2022,3-4,5,24
22_56_p1_bd40212c-17e8-4ae4-9946-7d248fd0e508,2022,5-6,3,2
22_56_p1_76e00b9b-699f-44d4-af4f-fbfda2a70913,2022,5-6,3,5
22_56_p2_e6e3984f-fca9-4c4d-ad50-c332fcfc5376,2022,5-6,3,6
22_56_p2_45ccc792-2354-48df-86da-14ffe7339d04,2022,5-6,3,7
22_56_p2_42bb672e-8dcc-49e1-869f-45fdfcd0e180,2022,5-6,4,9
22_56_p2_9765cad7-a277-4233-8b67-def08b78c5ea,2022,5-6,4,12
22_56_p3_d1f5920f-542f-4269-8f66-a2526bc813da,2022,5-6,4,13
22_56_p3_19637044-301c-4b28-bc9e-78b387ef2a32,2022,5-6,4,15
22_56_p3_ecae3bbf-726a-4ae7-940f-b1065f991a9a,2022,5-6,5,17
22_56_p3_0548e53a-7264-4069-9032-e63e374a07d5,2022,5-6,5,18
22_56_p4_1a7193c1-4040-4b11-8dff-39424b079d64,2022,5-6,5,19
22_56_p4_ca1faae2-5943-4ec4-8af9-d92537f1e471,2022,5-6,5,20
22_56_p4_f84fd633-2d3a-47bc-bffc-5d982320134e,2022,5-6,5,21
22_78_p1_bccc03b4-c8ef-4d0d-9dc6-9d7de93ea6cb,2022,7-8,3,2
22_78_p1_fdf7c848-b409-4ada-a686-f286df3244a7,2022,7-8,3,4
22_78_p1_51929b6b-582f-4792-b0ec-5592485fd422,2022,7-8,3,5
22_78_p1_d2139a2a-626b-4212-a110-8c6595a8503d,2022,7-8,3,7
22_78_p2_dc5e07be-fe10-4cc2-9050-243a39832771,2022,7-8,3,8
22_78_p2_9ed24691-25fd-4b1e-9c9b-e9adf80a5b5c,2022,7-8,3,10
22_78_p2_7cdc1d00-2aa5-4639-b47d-8d4b0ce99aaf,2022,7-8,4,11
22_78_p2_cf709166-24ab-42fc-a5bd-a17fd99fe959,2022,7-8,4,12
22_78_p2_929a9947-25b5-4c6a-8a8f-637a17c4a201,2022,7-8,4,13
22_78_p2_cb6184e8-b2ac-4175-8771-6f4cba956ca5,2022,7-8,4,14
22_78_p2_171fa62c-e9d1-49a8-926f-b4c6040403ec,2022,7-8,4,15
22_78_p3_1cfcf5fb-ccda-4906-acc7-925c95b53b3f,2022,7-8,4,17
22_78_p3_1780c633-71a2-4015-aa38-ea0a35879b90,2022,7-8,4,18
22_78_p3_251fa04f-db58-4a74-8e4c-28595b45018e,2022,7-8,4,20
22_78_p3_412337c0-e415-47a1-8a62-0d1c8c7be58e,2022,7-8,5,22
22_78_p4_8428fcd7-a5ca-489f-85c6-cad975f26e00,2022,7-8,5,25
22_78_p4_4510fa1c-335b-4888-b93f-18d9491c0342,2022,7-8,5,27
22_78_p4_2600ca59-2bfa-4ef3-ae0e-e91c8d285e5a,2022,7-8,5,29
22_910_p1_b4c9b68f-ad05-460c-9a29-abe1b0e1e926,2022,9-10,3,4
22_910_p1_aaed43ce-fd39-4e2a-b0ec-af5e630f1d16,2022,9-10,3,5
22_910_p1_41b04622-13a6-4327-b37c-f4fbd4bb7540,2022,9-10,3,7
22_910_p2_bb7cbf07-2e20-4366-9662-5c8f2c611497,2022,9-10,4,11
22_910_p2_8a7d391f-667b-49ab-8d07-b69d8b104601,2022,9-10,4,12
22_910_p2_8094c7e9-badd-4ded-befc-08cd917a04d4,2022,9-10,4,13
22_910_p3_88306e8c-773f-4585-96a6-fcad0ff57c78,2022,9-10,4,15
22_910_p3_14a4394e-627f-42c3-870b-a809615ab82b,2022,9-10,4,17
22_910_p3_e55c8216-b0e1-4287-9365-d444de181be5,2022,9-10,4,19
22_910_p3_6be6a55d-7702-4fca-97b6-5b540b62209f,2022,9-10,4,20
22_910_p3_1ef076de-8049-4a06-aea8-3393f1d6e2d9,2022,9-10,5,21
22_910_p3_d3937ddd-a8a8-4ff0-860a-af77f21a1f9d,2022,9-10,5,22
22_910_p4_906fabbd-4d6e-49ed-90df-96efb8e5761d,2022,9-10,5,25
22_910_p4_6a90a54f-34d9-4a14-8fca-8ce30dc832fa,2022,9-10,5,28
22_910_p4_a1d01d85-54b6-4b56-a8ff-d2215925ee01,2022,9-10,5,29
23_1113_p1_c01186f5-20d8-419a-8054-e3cca14b2348,2023,11-13,3,3
23_1113_p1_6ef453b0-ebd2-4bd7-b1ca-71ef3a0eb659,2023,11-13,3,4
23_1113_p1_a4b7d54b-b3f2-46d2-86c6-82c67df8d3ae,2023,11-13,3,6
23_1113_p2_2db04a66-69ad-42e5-a3bb-52ea9df521c3,2023,11-13,3,8
23_1113_p2_0f4af772-9fd2-4dea-ad31-02411a485d24,2023,11-13,4,13
23_1113_p3_646fb0ea-733c-4675-a28e-9c887a592569,2023,11-13,4,15
23_1113_p3_d69ad909-9817-4a5e-8655-9757d2fb6894,2023,11-13,4,17
23_1113_p3_dde0d50f-877e-4359-873b-45a0718bf56c,2023,11-13,4,19
23_1113_p3_ce901fc2-be07-43c2-b18e-dbf89f4a6ed7,2023,11-13,4,20
23_1113_p3_d5383380-171e-4c1f-9681-fea66d415358,2023,11-13,5,22
23_1113_p4_d81c2e91-b690-4cac-b7b3-bcab5edd9afa,2023,11-13,5,24
23_1113_p4_c9dd8338-6d3f-4ded-bcee-3ae8dca39494,2023,11-13,5,27
23_1113_p4_d454e9ea-b1ae-4c3c-9eeb-cc1c40685e83,2023,11-13,5,30
23_34_p1_c25035a0-217d-483c-8a17-aa995685ac67,2023,3-4,3,1
23_34_p1_5cf206f1-b47e-462b-9c0c-3b887f0a856c,2023,3-4,3,2
23_34_p1_a5db2beb-6375-4d88-8590-c08b95b31d27,2023,3-4,3,3
23_34_p2_73cf9128-16c8-4c4f-923c-c9648aefa12b,2023,3-4,3,6
23_34_p2_53046842-e125-40f9-8e57-f2002822d342,2023,3-4,3,8
23_34_p2_fe9412a0-61de-4b54-a312-612e45c6350b,2023,3-4,4,10
23_34_p3_4bcfe224-54d7-417c-8ad0-be0e6a2a472d,2023,3-4,4,13
23_34_p3_ba5069e6-c2ce-406f-8752-bf4ec63a49db,2023,3-4,4,14
23_34_p3_dd8f51d0-36d0-4c74-93cc-7065643b6dc5,2023,3-4,4,16
23_34_p3_5f7fcc44-ae3c-4f85-80cd-14691449c0e9,2023,3-4,5,17
23_34_p4_81828173-6fcb-4fe9-95a1-c81261f55548,2023,3-4,5,21
23_34_p4_c0fb71f2-f075-4a2b-a142-1c248303ce0c,2023,3-4,5,22
23_56_p1_20f5ad11-b013-4b83-b834-b47e484a848a,2023,5-6,3,2
23_56_p1_7cba114e-f88b-4590-91e9-d3ed6d37e486,2023,5-6,3,4
23_56_p1_bd22b19c-1d70-44b7-8241-30c698a2746f,2023,5-6,3,5
23_56_p1_ea9cbcfa-70b9-4750-8680-5757bc32511d,2023,5-6,3,6
23_56_p2_687d09fb-0e44-4c4a-80ef-64c5b558baef,2023,5-6,4,9
23_56_p2_9d4a9109-125b-4509-b525-7b158e49835e,2023,5-6,4,10
23_56_p2_fb5b211a-3cee-4cdd-91ae-65a5439f57d3,2023,5-6,4,12
23_56_p3_f0931299-c20c-4e02-8513-f49fe6292e54,2023,5-6,4,14
23_56_p3_46283efa-fa32-4e04-8b17-4cfc506b8a36,2023,5-6,4,15
23_56_p3_dca36a9e-683b-4049-9623-2bfca0801a8f,2023,5-6,5,19
23_56_p4_e4983d34-57e5-4323-a8a6-1ff0355e7f7d,2023,5-6,5,21
23_56_p4_3aadba0d-f3de-4121-91dc-41b77abba1c2,2023,5-6,5,22
23_78_p1_d511b357-a6d2-42db-8420-7f37c88ec901,2023,7-8,3,4
23_78_p2_7a11845f-6ade-4787-9947-fb9c311cd65c,2023,7-8,3,8
23_78_p2_24d9a8c3-bd5c-4a5a-bfc0-8b9971e3267f,2023,7-8,3,10
23_78_p2_cf3b262e-e1bb-41d6-913f-535f7cd063c0,2023,7-8,4,11
23_78_p2_1565333e-6795-48cc-a8a1-1d558a229907,2023,7-8,4,12
23_78_p2_ba35cb44-224b-461f-b7d6-7df539e343a8,2023,7-8,4,14
23_78_p3_252625cc-54fe-4b8a-8c12-87c788bcf3bc,2023,7-8,4,16
23_78_p3_e526d31f-8842-4f3f-badb-aa84d80b3407,2023,7-8,4,18
23_78_p3_a30402a4-5c15-41d5-90de-05c90d48eb3e,2023,7-8,4,20
23_78_p3_beee3ea2-1845-48c0-9ef2-66ee7e03f5a9,2023,7-8,5,22
23_78_p4_411f9ade-ca26-4ce3-9e2e-d4b72e576877,2023,7-8,5,25
23_78_p4_447e5227-c825-4036-a35f-049d318e9c53,2023,7-8,5,27
23_78_p4_09ef5ac7-3370-4f15-80ce-4a39d2257ceb,2023,7-8,5,28
23_78_p4_3a037267-3260-4c0b-adc8-92d6cdcff470,2023,7-8,5,29
23_910_p1_a3c967a1-f3ea-44cb-9122-9427ff0cf94e,2023,9-10,3,5
23_910_p2_48339809-ddf3-45ce-896f-1a51c75edafe,2023,9-10,3,7
23_910_p2_9b71c747-be7d-41c4-a6c2-dbe75dd7196c,2023,9-10,3,10
23_910_p2_fccd3dc9-d541-447b-b314-97264a6e6d19,2023,9-10,4,12
23_910_p2_cd9cea8b-428e-41bc-bc81-c6bac8f1bbab,2023,9-10,4,14
23_910_p3_c3eda677-aec1-48ec-af08-4baba6e507f8,2023,9-10,4,16
23_910_p3_0dc0b951-3d6b-40db-a4ed-246b9a99a991,2023,9-10,4,19
23_910_p3_08ee1ab0-af5b-4534-95e6-66871d22625d,2023,9-10,5,21
23_910_p4_675efe14-ffb8-402f-9bcf-9e9d5a827c44,2023,9-10,5,24
23_910_p4_f85763b9-9237-4801-ba72-5c83932ab9f8,2023,9-10,5,27
23_910_p4_c4312b4a-c674-40f4-af57-b49a84396a9a,2023,9-10,5,29
23_910_p4_d2d82174-4fa9-44c7-8206-20b40055ced8,2023,9-10,5,30
24_1113_p1_08557b00-3a5c-4578-8ac0-93d56c308558,2024,11-13,3,2
24_1113_p1_8650b4fc-55bd-42b6-b0bd-517df5ead90e,2024,11-13,3,4
24_1113_p2_dbe6666f-3395-4091-8c8b-6c814f4754f5,2024,11-13,3,8
24_1113_p2_e677fd3e-3472-4c23-b3fb-4567268a1cc3,2024,11-13,3,9
24_1113_p2_18208b1d-2001-497c-bd30-de9856a38ff0,2024,11-13,4,13
24_1113_p3_ff459802-c336-4d42-979e-c01c05d2b6eb,2024,11-13,4,15
24_1113_p3_5579b07c-1d81-43bc-9ee4-a8ddcb72cbb6,2024,11-13,4,17
24_1113_p3_40bb00d3-5ad2-48a3-bdd6-3ae7b982f0ab,2024,11-13,4,20
24_1113_p3_ee4fd9e7-c702-4f31-b76f-f026b821b092,2024,11-13,5,21
24_1113_p4_869166e5-14b2-4085-a7bf-0605c4ae47c9,2024,11-13,5,23
24_1113_p4_1ffa1ba9-2069-4dba-8721-9db3e7a89b29,2024,11-13,5,26
24_1113_p4_94b9c3a5-231f-4458-923f-a1ca3b453515,2024,11-13,5,29
24_34_p1_e04d4b4c-6cbc-4131-8956-1f7f8ea1a317,2024,3-4,3,1
24_34_p1_1fe2a782-916d-4a68-95e7-9632491c8ce1,2024,3-4,3,3
24_34_p1_ea64b50a-a4ff-46a4-9449-c83161f2cfbe,2024,3-4,3,5
24_34_p2_9e08a76f-3982-4772-87c0-6d5a80c93791,2024,3-4,3,7
24_34_p2_f032f0ad-1ec2-4bf4-8cf2-75d12492f1cc,2024,3-4,4,9
24_34_p2_cb3d3eb2-dd6c-4814-9124-2254fe357593,2024,3-4,4,10
24_34_p3_9a7d8e2b-ec61-49ac-a64f-9498ca37e232,2024,3-4,4,12
24_34_p3_49cf7eda-8b70-4a78-b7ad-30b19b3b85f5,2024,3-4,4,13
24_34_p3_24fb23b3-4e84-4b2b-90f0-a8cd26b8e15c,2024,3-4,4,14
24_34_p3_fc7412ac-fdad-4412-8cc8-174c4b472ecb,2024,3-4,4,15
24_34_p3_0ec454c1-2765-4d34-b489-f7100fa0446d,2024,3-4,5,17
24_34_p3_4b6a1fc7-aa8e-4287-af25-e7d5f9a41eb4,2024,3-4,5,18
24_34_p4_df295cac-4ee3-4850-993d-ec8ecd98f6ac,2024,3-4,5,19
24_34_p4_b67fc3a7-fd02-44a5-9190-9fd6e1c9a8e2,2024,3-4,5,21
24_34_p4_48640178-fb3f-48ad-ab00-204b9a5ed887,2024,3-4,5,22
24_34_p4_15ccbf42-e26d-43da-8b8c-589e40c1c1fb,2024,3-4,5,23
24_56_p1_0c9d26bc-511d-44a9-bc94-7600764183ca,2024,5-6,3,1
24_56_p1_aea0efdd-9fd7-496f-9493-8b413383b336,2024,5-6,3,2
24_56_p1_dad1b0fd-beff-4f20-871d-0278eedec4d7,2024,5-6,3,4
24_56_p2_62184f7b-d4e0-4f99-9f6f-b951f5490077,2024,5-6,4,9
24_56_p2_68f6104d-c158-4f77-b9b1-03cced9c1112,2024,5-6,4,10
24_56_p2_213a1d8a-c72d-4184-ae39-f09d1c1f3449,2024,5-6,4,11
24_56_p3_fe4a38b4-0809-43c9-84bd-78bbe002f2ab,2024,5-6,4,12
24_56_p3_bf628d45-b51c-4900-816e-87967be54bac,2024,5-6,4,13
24_56_p3_7688bf14-e8d4-446b-a14f-151ab70ceafb,2024,5-6,4,15
24_56_p3_92a3f498-8321-42ce-9f32-8487b51bce8f,2024,5-6,4,16
24_56_p3_040a732f-6935-4bf8-9756-90d52172b43a,2024,5-6,5,17
24_56_p4_2d584e69-7bb3-4b63-a97d-591078eebb59,2024,5-6,5,19
24_56_p4_60072403-d8f9-4263-bf16-ece379aa38ec,2024,5-6,5,21
24_56_p4_0b47bfd6-7778-479d-aed3-06e626952bbf,2024,5-6,5,22
24_78_p1_1c43f84b-13ef-4311-8daa-9700852bf174,2024,7-8,3,4
24_78_p1_a426c69c-9f69-45e0-8578-cded45898159,2024,7-8,3,5
24_78_p1_5673e13d-8a0c-4dca-9a2c-f38d5e5656ff,2024,7-8,3,7
24_78_p2_b220d6c2-eb86-4d62-8144-2ae6c43ccb75,2024,7-8,3,8
24_78_p2_44ea80b9-26c7-4593-88a9-554ef211f0f7,2024,7-8,3,9
24_78_p2_d74ae0f0-f5ee-4102-8d30-d94c1dd7384e,2024,7-8,3,10
24_78_p2_e4c1d6e9-1a66-4a00-80c9-323d51cc4e74,2024,7-8,4,13
24_78_p2_71bf4180-c354-4c72-9aff-29fddf497a36,2024,7-8,4,14
24_78_p2_58c19a9f-c23d-438a-8cc5-61096d543e0b,2024,7-8,4,15
24_78_p3_305adac1-52af-402b-bed1-f0b5f68fc57a,2024,7-8,4,16
24_78_p3_794071b5-54dc-4748-ad71-c76b13db3b94,2024,7-8,4,18
24_78_p3_d04ba3ad-96a7-43a6-bab3-0e97a712002e,2024,7-8,4,20
24_78_p3_62689932-7fc1-44fc-95da-7aa311bd036e,2024,7-8,5,21
24_78_p3_d21ac272-dad5-410b-8640-8a8d4642bd27,2024,7-8,5,23
24_78_p4_a0221054-52dc-4c85-92b4-37f5426eb7cf,2024,7-8,5,25
24_78_p4_635f6abd-a68d-4548-a55b-7304df14150a,2024,7-8,5,27
24_78_p4_ad9432cd-0397-4432-9b40-19323c4d57e5,2024,7-8,5,28
24_78_p4_0be0cb6a-b605-4ecb-bc32-f4cebe775da2,2024,7-8,5,29
24_910_p1_836516d0-20c8-433c-b5f8-ac92e7cc2bde,2024,9-10,3,3
24_910_p1_1a3e48fc-4218-4d64-9e6f-18c0b6de9554,2024,9-10,3,5
24_910_p1_5281e27a-9dda-47fb-bf03-784613da61b7,2024,9-10,3,7
24_910_p2_1077750f-780c-48db-af5d-dfc619fa43e3,2024,9-10,3,8
24_910_p2_c87d4994-d7da-48b6-833e-f26b3d022358,2024,9-10,3,10
24_910_p2_c3e3ee20-a34e-44c0-9884-e553ea2b9d05,2024,9-10,4,11
24_910_p2_93be6440-7820-4bde-98b2-c8eb93035124,2024,9-10,4,12
24_910_p2_f396129a-5399-4053-884e-f06693e868d6,2024,9-10,4,14
24_910_p2_d80a5726-4fa6-40cb-a7ea-dd608ff8a023,2024,9-10,4,15
24_910_p3_dd61ef3f-21aa-4458-8ca5-df513b6f5519,2024,9-10,4,17
24_910_p3_01fb84df-3db5-496b-8448-c88cd480a009,2024,9-10,4,19
24_910_p3_8b041562-c638-4914-b348-85bd0f1d8137,2024,9-10,5,22
24_910_p4_4921aa50-ed43-4e10-af2b-821375c6114a,2024,9-10,5,24
24_910_p4_e513e2f7-dee2-4708-beb4-4a546347d1ad,2024,9-10,5,26
24_910_p4_b448b2c7-2fe8-4690-b975-f7aa0ac3ae77,2024,9-10,5,29
25_1113_p1_6dd6c689-b17a-4039-8538-b0717b594b32,2025,11-13,3,4
25_1113_p1_9c74fc68-099e-42c5-83c6-2aeaebd8c926,2025,11-13,3,6
25_1113_p2_9e28cf09-523e-4b24-a237-bad29296dcab,2025,11-13,4,13
25_1113_p2_ab870351-ddad-4293-b3af-566a035d2fd2,2025,11-13,4,14
25_1113_p3_c9c90b8a-72be-4782-924d-ef10a0163fed,2025,11-13,4,17
25_1113_p3_9bd9d164-3513-4daf-b391-3411df00d09d,2025,11-13,4,19
25_1113_p3_a7a9302a-bf0e-424b-a268-1a8fb73211cb,2025,11-13,4,20
25_1113_p3_7491f759-cf9b-4122-9535-432699104245,2025,11-13,5,22
25_1113_p3_f5308c8f-78a9-4fc8-97d9-c95ae163b489,2025,11-13,5,23
25_1113_p4_d0adcf44-3a43-4073-9031-374ea0385137,2025,11-13,5,24
25_1113_p4_12e548e3-7178-4ca8-b213-d80ce67aecb4,2025,11-13,5,25
25_1113_p4_ebdd6482-c0da-4d10-bf25-46f63780a962,2025,11-13,5,27
25_1113_p4_629b6a06-3382-4707-93c8-bf3385efa086,2025,11-13,5,28
25_1113_p4_a07fe19e-070d-4f30-a391-b219222ef4e5,2025,11-13,5,29
25_1113_p4_894423d6-94c7-4f2a-b96c-1789367be778,2025,11-13,5,30
25_34_p1_cc4b73b5-9a41-41ad-a732-0dec7eeab83d,2025,3-4,3,4
25_34_p2_a95d67e2-7983-4772-aaec-67c5937fe6e0,2025,3-4,4,11
25_34_p3_f77ec74f-d4bf-4766-bd8a-0d70db288796,2025,3-4,4,13
25_34_p3_d8d5a65a-7a00-4336-bb93-85e507f72cad,2025,3-4,4,14
25_34_p3_8c267f6e-76d0-4444-aefc-293243d02aae,2025,3-4,4,15
25_34_p3_218c0c59-1555-4431-851e-9c4740dee431,2025,3-4,5,17
25_34_p4_0f1e1116-7412-428b-b681-aba855d17f11,2025,3-4,5,19
25_34_p4_fe2b5433-e575-475f-a038-5e6e374309ab,2025,3-4,5,20
25_34_p4_107b9fd3-28cb-44a3-8890-0bd73e6fc36a,2025,3-4,5,23
25_34_p4_5a87be2a-f35a-4a47-873b-ee7831feceb2,2025,3-4,5,24
25_56_p1_4019aa28-e21c-4214-b1cc-60479095919d,2025,5-6,3,4
25_56_p2_1deb1bd1-71cb-42b3-b3b7-f712663d7434,2025,5-6,3,6
25_56_p2_45dacfac-2bc9-412f-8fc9-4662b8295e68,2025,5-6,3,7
25_56_p2_a8db8673-62aa-43af-9c05-a94d55f4c04e,2025,5-6,3,8
25_56_p2_47725ab6-9f22-42e5-b557-0bc7544fc1fd,2025,5-6,4,9
25_56_p2_05436f02-d57f-49f2-b3c5-ccbdb72d12bf,2025,5-6,4,11
25_56_p3_abd351fa-0984-446f-a808-fc8669319bb0,2025,5-6,4,12
25_56_p3_9f219a28-b1da-4705-8d9c-6c649979f57d,2025,5-6,4,13
25_56_p4_f09d419c-8c61-4713-b6da-4b0935394deb,2025,5-6,5,18
25_56_p4_bd69d30d-64de-41b7-a7d8-237daf50cd8f,2025,5-6,5,19
25_56_p4_29e376fa-f7c3-491b-9801-51c42b4116ca,2025,5-6,5,24
25_78_p1_b620e742-6291-4752-95d6-e1f190cfe052,2025,7-8,3,1
25_78_p1_a0b08eb6-2432-462c-8f26-5314ae955330,2025,7-8,3,2
25_78_p1_741b601a-b582-407c-ac6b-7f68c6cf2df1,2025,7-8,3,3
25_78_p1_0331f96e-c816-4d1c-8326-97373e75b428,2025,7-8,3,4
25_78_p1_84f2b896-8a34-4269-a17d-d6cc10ed7a46,2025,7-8,3,5
25_78_p1_7fc0c5f4-fdfe-4fae-86b5-341103cb7ca7,2025,7-8,3,7
25_78_p2_d1b3dfef-2a15-44e5-95a5-b47496af08d6,2025,7-8,3,8
25_78_p2_acb9b6b6-a79f-4626-b74f-d9ab45a479a3,2025,7-8,4,11
25_78_p2_e5eb3359-00da-4fe3-8406-f3d46742150b,2025,7-8,4,12
25_78_p2_c9bbd4bd-1e32-44a2-ada1-df1e29cfd6ac,2025,7-8,4,14
25_78_p3_30add3ee-a684-4af0-b60f-2ae33d7eca0e,2025,7-8,4,16
25_78_p3_eb5ec29a-6fb1-4ab0-a4e8-2a0a264daead,2025,7-8,4,18
25_78_p3_556ab604-8e88-4704-b868-4a53c09ca2a7,2025,7-8,4,20
25_78_p3_b7eb55df-fbbe-4acb-afdb-3dfb10b80d29,2025,7-8,5,21
25_78_p3_e9e52ef6-83da-4f56-8e73-a3bb17a9823c,2025,7-8,5,23
25_78_p4_d1d87992-345b-40d8-96e5-85e53534260d,2025,7-8,5,25
25_78_p4_3675329f-6cf5-462f-aead-a3e0241d672d,2025,7-8,5,26
25_78_p4_0bd76ed1-9950-47c8-bf35-75f91cf42687,2025,7-8,5,28
25_910_p1_59846faf-03bb-4611-9bc5-e21ab5cc0fab,2025,9-10,3,1
25_910_p2_164c3c7e-c75c-42ea-8ac7-677a6e38a087,2025,9-10,3,8
25_910_p2_96eb1dec-5cce-4e87-99fc-ea17ce63859f,2025,9-10,4,11
25_910_p2_f3cbcb39-f98b-4ea1-9ab8-dddab957ba2b,2025,9-10,4,15
25_910_p3_d3b60dec-9ee8-4cf3-9f91-02232bb1120d,2025,9-10,4,17
25_910_p3_d8af7999-428c-4568-95e5-34ea796f248f,2025,9-10,4,18
25_910_p3_dcea9b57-b2aa-427f-9944-fc4c2c1bc86a,2025,9-10,4,19
25_910_p3_f7215bb2-2ae3-4e74-bf4f-d747f3aeeb54,2025,9-10,4,20
25_910_p3_aacac7d7-78fb-4615-9c48-b7007fe06240,2025,9-10,5,21
25_910_p3_65c270af-cf80-4504-8c0c-1cda600cb71a,2025,9-10,5,23
25_910_p4_c9429de5-b757-400a-a0bd-e56e254d13f5,2025,9-10,5,24
25_910_p4_d3302eef-3d9e-4169-b119-b32b80b660f1,2025,9-10,5,26
25_910_p4_c7c133e0-a30b-4801-9d6f-5c99c3f306fa,2025,9-10,5,28
25_910_p4_11c807e3-58fe-461e-9ea4-3af2ee8076a8,2025,9-10,5,29
98_1113_p1_9f364136-6e38-493a-820a-e1e547f1c882,1998,11-13,3,2
98_1113_p1_af89f0b0-f030-4865-a00d-bf6edf2ec4b3,1998,11-13,3,7
98_1113_p2_11fd36eb-9c89-4f23-8456-ad867e8cc489,1998,11-13,3,8
98_1113_p2_908f3b0a-a6f4-46ef-beb6-dbcbbbd537a6,1998,11-13,3,10
98_1113_p3_0231ac44-ae5a-45d0-be79-ff2dc6b65350,1998,11-13,4,16
98_1113_p4_ac729cdf-cea2-41e7-adb3-556e0af899e0,1998,11-13,5,23
98_1113_p4_4830c6da-0779-4b7f-89e9-8e1b17d7464e,1998,11-13,5,27
98_34_p1_da8d96e7-6b9a-476f-9cfd-f02bf3e3f9ab,1998,3-4,3,2
98_34_p1_80327eec-6f80-4799-94c5-de01e9eeb1ae,1998,3-4,3,3
98_34_p3_89fc54c3-1fa4-4fb9-bcf0-dd4e39a8ef0a,1998,3-4,5,12
98_34_p4_051541bb-3fc4-4a22-aef4-5ba7efe77390,1998,3-4,5,15
98_56_p1_9aec53be-c902-4519-aff8-c4d0e48ee68e,1998,5-6,3,1
98_56_p1_c8b2bf96-c6ff-4ae5-9234-46a49f82cc65,1998,5-6,3,2
98_56_p1_f4a838b1-d2bd-4b65-9eac-1d45d765b0e7,1998,5-6,3,6
98_56_p2_a4297101-36b2-4446-b63c-65d2fccbaa97,1998,5-6,3,8
98_56_p2_7b41b806-aa1a-47bb-bab6-5ac3950510ad,1998,5-6,3,10
98_56_p2_06df318f-d364-421f-a488-e7f609fd1330,1998,5-6,4,11
98_56_p3_3068e67a-a385-467d-81a1-e5a869bdcc9e,1998,5-6,4,17
98_56_p4_2a72746a-0dbe-425c-8a6b-55e20a5554a5,1998,5-6,5,26
98_56_p4_6daeba4f-a709-4427-9e4e-99c4dfcc2ebe,1998,5-6,5,30
98_78_p1_aa3b5be9-683e-401a-b331-9d58c44feb4f,1998,7-8,3,1
98_78_p1_988e21d6-bde6-4784-ad23-98c44ef247e0,1998,7-8,3,5
98_78_p2_5a935e41-319c-4122-94e2-a892288f1044,1998,7-8,3,8
98_78_p2_aed87c28-d3ba-419b-bdb8-eed35546ca68,1998,7-8,3,10
98_78_p2_b2cc07d2-19f4-4d6d-8724-2c57d7bba85e,1998,7-8,4,13
98_78_p4_c3017a34-e006-4c6f-addf-4cc3cecc8fa1,1998,7-8,5,24
98_78_p4_396ac985-9576-46cb-b4d2-0a24591aba3a,1998,7-8,5,26
98_78_p4_591283cf-91e3-40bb-90fe-acf1238e051e,1998,7-8,5,27
98_910_p1_925c40c1-5d42-4d5e-8f6b-c9a633112f5e,1998,9-10,3,6
98_910_p2_99f2ec08-913c-4a92-8791-d6bb36902f0a,1998,9-10,3,10
98_910_p3_66be1ac2-9077-4a9d-85e9-5e8b2cfd039d,1998,9-10,4,19
98_910_p4_3a524b87-e4e2-4126-99fa-0f6bf745ccab,1998,9-10,5,23
99_1113_p2_1a2a98b5-de66-470d-a53e-6e3a153e5a5b,1999,11-13,3,8
99_1113_p2_18df0c0a-9ab2-4266-b1ed-c63ad84ef265,1999,11-13,3,10
99_1113_p3_a33d249a-7386-4137-b5e1-73b115d3d5da,1999,11-13,4,16
99_1113_p4_d9cddc1f-5b5c-46dd-a9a3-fc5089ee9edf,1999,11-13,5,25
99_1113_p4_d971159f-4a95-48f5-9094-66062c8723aa,1999,11-13,5,29
99_34_p1_e0113d98-26eb-41a5-9004-03e95f637f75,1999,3-4,3,4
99_34_p2_7adf5d75-2d67-4f91-bab7-845f085ba9eb,1999,3-4,4,6
99_56_p1_017a75d8-6fa0-48a6-ae2d-e6930b0e2006,1999,5-6,3,2
99_56_p1_082086ff-1acc-4cab-a69e-46e463f2ff96,1999,5-6,3,5
99_56_p2_5d0f888f-2f47-435b-ae5a-5dd74d27c00d,1999,5-6,3,7
99_56_p2_263948a4-f27d-402f-82f3-7b44319da62c,1999,5-6,3,9
99_56_p2_cd6d4058-7505-4f61-8e8f-a49368d335c2,1999,5-6,4,12
99_56_p3_049c2d94-7511-4fe8-b487-74211db37e7d,1999,5-6,4,16
99_56_p4_92e238f3-533b-4253-b434-df83414123e0,1999,5-6,5,24
99_56_p4_cc5ebb2b-7762-484d-beb0-12489bc035dc,1999,5-6,5,30
99_78_p1_6f781311-f947-453b-9eed-f4a189b12d6c,1999,7-8,3,4
99_78_p2_f2d7ce4e-c994-4c29-9e12-93af1e075020,1999,7-8,3,10
99_78_p2_297d1582-33e0-4fa5-8dd7-d526cdd3a10a,1999,7-8,4,12
99_78_p3_a9c41f0f-2056-4cc2-bfeb-e9f05f0947f2,1999,7-8,4,17
99_78_p3_4e72a87e-ca50-444f-a97a-a06b48e38013,1999,7-8,4,19
99_78_p3_1c57a1a1-63f4-4de1-9386-7d12f1b566e8,1999,7-8,5,21
99_78_p4_2d72267d-4901-4326-97ec-db9283db2095,1999,7-8,5,24
99_78_p4_159e6691-cad6-4e00-80ee-f0d07a44c83b,1999,7-8,5,28
99_78_p4_1e27493a-e6ae-4e60-8eb9-715d384b8a8e,1999,7-8,5,29
99_910_p1_95018bf6-0e54-4ead-83e8-4c227f5cbe71,1999,9-10,3,6
99_910_p2_7ddf6782-9904-4751-a536-fc571162be31,1999,9-10,3,9
99_910_p2_e4203aeb-91d2-4032-92e4-0c781a182d97,1999,9-10,3,10
99_910_p2_8fd7acb3-252b-4f8a-b8a5-68dcfac96071,1999,9-10,4,15
99_910_p3_76e9a2ff-faa6-4bb4-bc50-f61583ae1799,1999,9-10,4,17
99_910_p3_a38a8cda-4390-4642-904b-318a207b263e,1999,9-10,4,18
99_910_p3_31e01016-f7bd-492a-b3d4-5f5eff8644ea,1999,9-10,4,19
99_910_p3_24d5bbe7-96f7-4853-8bde-fb533cca517f,1999,9-10,5,22
99_910_p4_e7a493cb-0487-4c5b-a87f-0cbaeccb7560,1999,9-10,5,27
